crater_id,center_row,center_col,x_polar_m,y_polar_m,dist_from_pole_km,elevation_m,size_pixels,area_km2,VOL,ODD,EVN,HELIX,
38,137,90,-52760,49000,72,-4378,1,0.0064,9.63E-11,1.75E-10,5.49E-12,6.37E-12,KEEP
380,441,1245,39640,24680,46.7,-4247.7,1,0.0064,,,,,
309,320,1381,50520,34360,61.1,-4187,1,0.0064,,,,,
193,240,1164,33160,40760,52.54,-4160,1,0.0064,,,,,
32,129,1277,42200,49640,65.15,-4152.9,1,0.0064,9.05E-11,1.39E-10,6.06E-12,1.80E-11,
245,279,1329,46360,37640,59.72,-4120.2,1,0.0064,,,,,
227,267,1327,46200,38600,60.2,-4119.3,1,0.0064,,,,,
230,271,1319,45560,38280,59.51,-4116.1,1,0.0064,,,,,
260,290,1178,34280,36760,50.26,-4113.7,1,0.0064,,,,,
247,281,1312,45000,37480,58.56,-4113.2,1,0.0064,,,,,
241,277,1178,34280,37800,51.03,-4096.1,1,0.0064,,,,,
280,304,1323,45880,35640,58.1,-4090.4,1,0.0064,,,,,
270,298,1310,44840,36120,57.58,-4083.4,1,0.0064,,,,,
231,271,1347,47800,38280,61.24,-4064.9,1,0.0064,,,,,
328,339,1162,33000,32840,46.56,-4039.4,1,0.0064,,,,,
223,264,1132,30600,38840,49.45,-4034,1,0.0064,,,,,
213,257,1122,29800,39400,49.4,-4025.4,1,0.0064,,,,,
361,372,1275,42040,30200,51.76,-4024.7,1,0.0064,,,,,
119,198,1243,39480,44120,59.21,-4020.4,1,0.0064,,,,,
275,303,1161,32920,35720,48.58,-4020.2,1,0.0064,,,,,
316,326,1162,33000,33880,47.3,-4012.3,1,0.0064,,,,,
371,391,1250,40040,28680,49.25,-4005.7,1,0.0064,,,,,
182,235,1203,36280,41160,54.87,-3997.4,1,0.0064,,,,,
205,247,1234,38760,40200,55.84,-3991.6,1,0.0064,,,,,
350,359,1187,35000,31240,46.91,-3989.9,1,0.0064,,,,,
199,244,1281,42520,40440,58.68,-3987.4,1,0.0064,,,,,
206,247,1265,41240,40200,57.59,-3986.7,1,0.0064,,,,,
369,388,1280,42440,28920,51.36,-3981.5,1,0.0064,,,,,
224,265,1229,38360,38760,54.53,-3980.3,1,0.0064,,,,,
366,382,1260,40840,29400,50.32,-3975.3,1,0.0064,,,,,
146,214,1284,42760,42840,60.53,-3974.9,1,0.0064,,,,,
364,377,1246,39720,29800,49.66,-3973.7,1,0.0064,,,,,
335,344,1193,35480,32440,48.07,-3973.4,1,0.0064,,,,,
178,230,1263,41080,41560,58.44,-3972.5,1,0.0064,,,,,
365,377,1267,41400,29800,51.01,-3971.8,1,0.0064,,,,,
78,171,1263,41080,46280,61.88,-3970.3,1,0.0064,9.77E-11,7.86E-11,1.56E-11,9.97E-12,
343,351,1240,39240,31880,50.56,-3970.3,1,0.0064,,,,,
325,335,1193,35480,33160,48.56,-3969.9,1,0.0064,,,,,
367,386,1218,37480,29080,47.44,-3969,1,0.0064,,,,,
298,312,1237,39000,35000,52.4,-3968.9,1,0.0064,,,,,
108,190,1263,41080,44760,60.75,-3968.8,1,0.0064,,,,,
308,319,1222,37800,34440,51.14,-3968.7,1,0.0064,,,,,
351,361,1254,40360,31080,50.94,-3968.7,1,0.0064,,,,,
324,333,1234,38760,33320,51.11,-3967.4,1,0.0064,,,,,
358,368,1259,40760,30520,50.92,-3966.8,1,0.0064,,,,,
313,323,1207,36600,34120,50.04,-3965.7,1,0.0064,,,,,
374,395,1207,36600,28360,46.3,-3964.7,1,0.0064,,,,,
122,201,1293,43480,43880,61.77,-3964.6,1,0.0064,,,,,
184,236,1247,39800,41080,57.2,-3964.5,1,0.0064,,,,,
263,293,1219,37560,36520,52.39,-3963.8,1,0.0064,,,,,
326,335,1204,36360,33160,49.21,-3963.8,1,0.0064,,,,,
110,192,1275,42040,44600,61.29,-3963.2,1,0.0064,,,,,
188,237,1262,41000,41000,57.98,-3962.8,1,0.0064,,,,,
347,354,1208,36680,31640,48.44,-3962.7,1,0.0064,,,,,
341,350,1259,40760,31960,51.8,-3962.6,1,0.0064,,,,,
334,343,1205,36440,32520,48.84,-3962.3,1,0.0064,,,,,
321,329,1225,38040,33640,50.78,-3962,1,0.0064,,,,,
360,369,1192,35400,30440,46.69,-3961.9,1,0.0064,,,,,
362,377,1180,34440,29800,45.54,-3961.8,1,0.0064,,,,,
165,224,1254,40360,42040,58.28,-3961.7,1,0.0064,,,,,
336,344,1237,39000,32440,50.73,-3961.4,1,0.0064,,,,,
88,181,1144,31560,45480,55.36,-3961.1,1,0.0064,6.98E-11,1.05E-10,3.90E-12,8.89E-12,
330,340,1259,40760,32760,52.29,-3960.9,1,0.0064,,,,,
338,346,1230,38440,32280,50.2,-3960.6,1,0.0064,,,,,
242,278,1249,39960,37720,54.95,-3960.5,1,0.0064,,,,,
370,389,1270,41640,28840,50.65,-3960.2,1,0.0064,,,,,
376,404,1247,39800,27640,48.46,-3959.8,1,0.0064,,,,,
286,307,1256,40520,35400,53.81,-3959.3,1,0.0064,,,,,
322,330,1205,36440,33560,49.54,-3959.3,1,0.0064,,,,,
357,367,1206,36520,30600,47.65,-3958.7,1,0.0064,,,,,
292,309,1250,40040,35240,53.34,-3958.5,1,0.0064,,,,,
279,304,1213,37080,35640,51.43,-3957.9,1,0.0064,,,,,
304,317,1229,38360,34600,51.66,-3957.2,1,0.0064,,,,,
375,404,1197,35800,27640,45.23,-3957.2,1,0.0064,,,,,
329,340,1225,38040,32760,50.2,-3957,1,0.0064,,,,,
183,235,1291,43320,41160,59.76,-3956.9,1,0.0064,,,,,
307,319,1215,37240,34440,50.72,-3956.8,1,0.0064,,,,,
162,223,1267,41400,42120,59.06,-3956.5,1,0.0064,,,,,
148,215,1247,39800,42760,58.42,-3956.3,1,0.0064,,,,,
185,236,1280,42440,41080,59.07,-3956.2,1,0.0064,,,,,
191,238,1240,39240,40920,56.69,-3955.9,1,0.0064,,,,,
216,258,1251,40120,39320,56.18,-3955.6,1,0.0064,,,,,
345,352,1226,38120,31800,49.64,-3955.5,1,0.0064,,,,,
211,256,1203,36280,39480,53.62,-3955.4,1,0.0064,,,,,
353,362,1179,34360,31000,46.28,-3955.4,1,0.0064,,,,,
368,386,1239,39160,29080,48.78,-3955.4,1,0.0064,,,,,
337,344,1244,39560,32440,51.16,-3955.3,1,0.0064,,,,,
214,257,1267,41400,39400,57.15,-3954.5,1,0.0064,,,,,
359,369,1184,34760,30440,46.2,-3954.3,1,0.0064,,,,,
277,303,1237,39000,35720,52.89,-3954.2,1,0.0064,,,,,
373,393,1219,37560,28520,47.16,-3953.9,1,0.0064,,,,,
219,261,1277,42200,39080,57.52,-3953.8,1,0.0064,,,,,
297,311,1218,37480,35080,51.34,-3953.6,1,0.0064,,,,,
239,275,1220,37640,37960,53.46,-3952.5,1,0.0064,,,,,
155,218,1312,45000,42520,61.91,-3951.5,1,0.0064,,,,,
118,198,1227,38200,44120,58.36,-3950.7,1,0.0064,,,,,
317,326,1199,35960,33880,49.41,-3950.5,1,0.0064,,,,,
299,313,1194,35560,34920,49.84,-3949.7,1,0.0064,,,,,
363,377,1192,35400,29800,46.27,-3949.7,1,0.0064,,,,,
354,362,1234,38760,31000,49.63,-3949.3,1,0.0064,,,,,
226,266,1249,39960,38680,55.61,-3949.1,1,0.0064,,,,,
319,327,1251,40120,33800,52.46,-3948.9,1,0.0064,,,,,
305,317,1280,42440,34600,54.76,-3948.7,1,0.0064,,,,,
201,245,1249,39960,40360,56.8,-3948.2,1,0.0064,,,,,
176,229,1221,37720,41640,56.18,-3947.9,1,0.0064,,,,,
287,307,1267,41400,35400,54.47,-3946.7,1,0.0064,,,,,
153,218,1222,37800,42520,56.89,-3946.6,1,0.0064,,,,,
166,224,1284,42760,42040,59.96,-3946.6,1,0.0064,,,,,
171,226,1278,42280,41880,59.51,-3946.6,1,0.0064,,,,,
154,218,1278,42280,42520,59.96,-3946.3,1,0.0064,,,,,
315,326,1141,31320,33880,46.14,-3946.2,1,0.0064,,,,,
138,210,1227,38200,43160,57.64,-3945.8,1,0.0064,,,,,
372,393,1198,35880,28520,45.83,-3945.5,1,0.0064,,,,,
175,228,1354,48360,41720,63.87,-3944.8,1,0.0064,,,,,
318,327,1192,35400,33800,48.94,-3944.7,1,0.0064,,,,,
151,217,1265,41240,42600,59.29,-3944.6,1,0.0064,,,,,
323,333,1182,34600,33320,48.04,-3944.3,1,0.0064,,,,,
288,308,1226,38120,35320,51.97,-3944.1,1,0.0064,,,,,
377,405,1234,38760,27560,47.56,-3944,1,0.0064,,,,,
144,213,1274,41960,42920,60.02,-3943.7,1,0.0064,,,,,
160,222,1217,37400,42200,56.39,-3943.7,1,0.0064,,,,,
289,308,1281,42520,35320,55.28,-3942.9,1,0.0064,,,,,
145,214,1154,32360,42840,53.69,-3942.8,1,0.0064,6.37E-11,1.17E-10,9.78E-12,1.79E-11,
181,234,1228,38280,41240,56.27,-3942.8,1,0.0064,,,,,
284,305,1274,41960,35560,55,-3942.7,1,0.0064,,,,,
93,183,1229,38360,45320,59.38,-3942.2,1,0.0064,8.26E-11,7.95E-11,9.15E-12,1.13E-11,
204,247,1212,37000,40200,54.64,-3941.9,1,0.0064,,,,,
267,297,1244,39560,36200,53.62,-3941.9,1,0.0064,,,,,
306,319,1178,34280,34440,48.59,-3941,1,0.0064,,,,,
234,273,1203,36280,38120,52.62,-3940.9,1,0.0064,,,,,
273,301,1225,38040,35880,52.29,-3940.7,1,0.0064,,,,,
300,313,1203,36280,34920,50.36,-3940.3,1,0.0064,,,,,
311,321,1265,41240,34280,53.63,-3940.3,1,0.0064,,,,,
266,297,1144,31560,36200,48.03,-3940.2,1,0.0064,,,,,
203,246,1226,38120,40280,55.46,-3940.1,1,0.0064,,,,,
344,352,1174,33960,31800,46.52,-3940.1,1,0.0064,,,,,
320,328,1260,40840,33720,52.96,-3940,1,0.0064,,,,,
117,197,1283,42680,44200,61.44,-3939.1,1,0.0064,,,,,
147,215,1234,38760,42760,57.71,-3938.8,1,0.0064,,,,,
167,224,1297,43800,42040,60.71,-3938.6,1,0.0064,,,,,
301,313,1265,41240,34920,54.04,-3938.4,1,0.0064,,,,,
331,340,1271,41720,32760,53.05,-3938.1,1,0.0064,,,,,
137,210,1164,33160,43160,54.43,-3937.9,1,0.0064,8.60E-11,1.09E-10,5.39E-12,7.75E-12,
295,310,1188,35080,35160,49.67,-3936.7,1,0.0064,,,,,
258,288,1238,39080,36920,53.76,-3936.1,1,0.0064,,,,,
210,254,1226,38120,39640,55,-3935.9,1,0.0064,,,,,
246,281,1121,29720,37480,47.83,-3935.1,1,0.0064,,,,,
129,204,1278,42280,43640,60.76,-3934.9,1,0.0064,,,,,
252,283,1148,31880,37320,49.08,-3934.5,1,0.0064,,,,,
285,306,1204,36360,35480,50.8,-3934.5,1,0.0064,,,,,
128,204,1264,41160,43640,59.99,-3934.1,1,0.0064,,,,,
174,228,1192,35400,41720,54.71,-3933.9,1,0.0064,,,,,
177,230,1212,37000,41560,55.64,-3933.3,1,0.0064,,,,,
349,359,1168,33480,31240,45.79,-3933.1,1,0.0064,,,,,
187,237,1138,31080,41000,51.45,-3932.9,1,0.0064,5.27E-11,1.32E-10,1.03E-11,1.22E-11,
209,251,1181,34520,39880,52.75,-3932.5,1,0.0064,,,,,
111,194,1292,43400,44440,62.12,-3932.4,1,0.0064,,,,,
276,303,1198,35880,35720,50.63,-3932.2,1,0.0064,,,,,
123,202,1161,32920,43800,54.79,-3932.1,1,0.0064,7.94E-11,1.09E-10,3.06E-12,1.28E-11,
235,273,1212,37000,38120,53.12,-3931.7,1,0.0064,,,,,
272,299,1270,41640,36040,55.07,-3931.6,1,0.0064,,,,,
98,185,1281,42520,45160,62.03,-3930.2,1,0.0064,,,,,
261,290,1269,41560,36760,55.48,-3930.1,1,0.0064,,,,,
90,182,1276,42120,45400,61.93,-3929.8,1,0.0064,,,,,
194,240,1191,35320,40760,53.93,-3929.8,1,0.0064,,,,,
102,187,1287,43000,45000,62.24,-3929.4,1,0.0064,,,,,
215,258,1196,35720,39320,53.12,-3929.3,1,0.0064,,,,,
229,268,1213,37080,38520,53.47,-3929.2,1,0.0064,,,,,
124,202,1323,45880,43800,63.43,-3929,1,0.0064,,,,,
244,279,1212,37000,37640,52.78,-3928.8,1,0.0064,,,,,
131,206,1211,36920,43480,57.04,-3928.7,1,0.0064,,,,,
192,239,1124,29960,40840,50.65,-3928.3,1,0.0064,5.44E-11,1.27E-10,4.21E-12,1.16E-11,
259,289,1123,29880,36840,47.43,-3927.9,1,0.0064,,,,,
120,200,1183,34680,43960,55.99,-3927.6,1,0.0064,7.22E-11,1.16E-10,1.45E-11,1.30E-11,
85,179,1243,39480,45640,60.35,-3927.4,1,0.0064,6.99E-11,9.90E-11,5.24E-12,1.06E-11,
327,337,1282,42600,33000,53.89,-3926.7,1,0.0064,,,,,
84,178,1298,43880,45720,63.37,-3926.3,1,0.0064,,,,,
101,187,1251,40120,45000,60.29,-3925.8,1,0.0064,,,,,
55,155,1270,41640,47560,63.21,-3925.7,1,0.0064,1.21E-10,4.09E-11,1.20E-11,7.59E-12,
127,204,1204,36360,43640,56.8,-3924.2,1,0.0064,4.43E-11,9.44E-11,1.11E-11,1.25E-11,
130,204,1309,44760,43640,62.51,-3924,1,0.0064,,,,,
83,177,1182,34600,45800,57.4,-3923.9,1,0.0064,1.16E-10,7.99E-11,1.49E-11,8.35E-12,
291,309,1126,30120,35240,46.36,-3923.5,1,0.0064,,,,,
296,311,1133,30680,35080,46.6,-3922.9,1,0.0064,,,,,
142,212,1205,36440,43000,56.36,-3922.7,1,0.0064,,,,,
100,186,1218,37480,45080,58.63,-3921.2,1,0.0064,1.04E-10,5.56E-11,6.31E-12,1.20E-11,
269,298,1131,30520,36120,47.29,-3921,1,0.0064,,,,,
140,211,1198,35880,43080,56.06,-3920.9,1,0.0064,,,,,
312,322,1301,44120,34200,55.82,-3920.7,1,0.0064,,,,,
72,168,1305,44440,46520,64.34,-3920.5,1,0.0064,,,,,
136,209,1146,31720,43240,53.63,-3920.2,1,0.0064,6.37E-11,1.10E-10,6.47E-12,3.78E-12,
71,167,1251,40120,46600,61.49,-3919.9,1,0.0064,6.48E-11,6.52E-11,7.74E-12,5.72E-12,
105,188,1209,36760,44920,58.04,-3919.5,1,0.0064,7.42E-11,5.72E-11,9.41E-12,8.39E-12,
143,213,1189,35160,42920,55.48,-3919.2,1,0.0064,6.35E-11,9.60E-11,8.88E-12,4.49E-12,
74,169,1207,36600,46440,59.13,-3919.1,1,0.0064,7.40E-11,7.42E-11,3.94E-12,1.11E-11,
94,184,1176,34120,45240,56.66,-3918.6,1,0.0064,1.08E-10,1.18E-10,3.45E-12,1.13E-11,
352,361,1285,42840,31080,52.93,-3918.1,1,0.0064,,,,,
77,170,1284,42760,46360,63.07,-3917.9,1,0.0064,,,,,
126,204,1139,31160,43640,53.62,-3917.7,1,0.0064,9.24E-11,1.14E-10,4.44E-12,1.71E-11,
170,226,1179,34360,41880,54.17,-3917.6,1,0.0064,,,,,
97,185,1185,34840,45160,57.04,-3917,1,0.0064,1.07E-10,1.24E-10,8.16E-12,8.07E-12,
157,220,1191,35320,42360,55.15,-3915.8,1,0.0064,,,,,
340,349,1291,43320,32040,53.88,-3915.6,1,0.0064,,,,,
152,218,1175,34040,42520,54.47,-3915,1,0.0064,9.72E-11,1.74E-10,3.81E-12,1.09E-11,
294,310,1149,31960,35160,47.51,-3914.9,1,0.0064,,,,,
248,282,1374,49960,37400,62.41,-3914.1,1,0.0064,,,,,
169,225,1143,31480,41960,52.46,-3913.8,1,0.0064,6.55E-11,1.42E-10,9.03E-12,7.18E-12,
86,179,1309,44760,45640,63.93,-3913.4,1,0.0064,,,,,
73,169,1187,35000,46440,58.15,-3911.8,1,0.0064,7.73E-11,1.08E-10,5.13E-12,8.08E-12,
99,186,1167,33400,45080,56.1,-3911.1,1,0.0064,6.27E-11,1.02E-10,7.58E-12,6.10E-12,
92,183,1160,32840,45320,55.97,-3910.7,1,0.0064,5.83E-11,6.74E-11,5.75E-12,3.96E-12,
355,363,1294,43560,30920,53.42,-3909.9,1,0.0064,,,,,
348,358,1298,43880,31320,53.91,-3909.7,1,0.0064,,,,,
54,154,1255,40440,47640,62.49,-3909.5,1,0.0064,1.06E-10,8.46E-11,9.61E-12,1.12E-11,
75,170,1163,33080,46360,56.95,-3909.3,1,0.0064,6.78E-11,1.07E-10,5.69E-12,8.29E-12,
256,286,1202,36200,37080,51.82,-3908.9,1,0.0064,,,,,
53,152,1240,39240,47800,61.84,-3908.2,1,0.0064,1.52E-10,5.92E-11,2.35E-11,1.34E-11,
65,163,1186,34920,46920,58.49,-3907.7,1,0.0064,5.65E-11,7.18E-11,5.31E-12,6.86E-12,
133,207,1175,34040,43400,55.16,-3906,1,0.0064,5.09E-11,1.20E-10,6.45E-12,5.74E-12,
58,158,1247,39800,47320,61.83,-3905.9,1,0.0064,8.94E-11,9.88E-11,1.85E-12,7.95E-12,
76,170,1223,37880,46360,59.87,-3905.7,1,0.0064,1.71E-10,1.90E-10,1.75E-11,1.93E-11,
67,164,1162,33000,46840,57.3,-3903.6,1,0.0064,1.81E-10,5.39E-11,2.96E-12,1.19E-11,
346,352,1311,44920,31800,55.04,-3903.4,1,0.0064,,,,,
70,166,1233,38680,46680,60.62,-3902.2,1,0.0064,6.33E-11,8.10E-11,7.06E-12,9.08E-12,
121,200,1368,49480,43960,66.19,-3902.1,1,0.0064,,,,,
51,149,1257,40600,48040,62.9,-3901.9,1,0.0064,6.03E-11,7.58E-11,3.23E-12,4.08E-12,
159,222,1128,30280,42200,51.94,-3901.2,1,0.0064,8.00E-11,8.50E-11,4.99E-13,9.47E-12,
186,236,1366,49320,41080,64.19,-3899.8,1,0.0064,,,,,
40,137,1252,40200,49000,63.38,-3899.1,1,0.0064,8.81E-11,5.92E-11,8.21E-12,8.57E-12,
60,160,1292,43400,47160,64.09,-3898.7,1,0.0064,,,,,
106,189,1198,35880,44840,57.43,-3898.3,1,0.0064,6.48E-11,8.98E-11,3.42E-12,5.23E-12,
63,161,1194,35560,47080,59,-3898.2,1,0.0064,7.73E-11,1.64E-10,7.20E-12,6.56E-12,
64,162,1228,38280,47000,60.62,-3898.1,1,0.0064,1.48E-10,3.47E-10,7.37E-12,1.42E-11,
125,203,1338,47080,43720,64.25,-3898.1,1,0.0064,,,,,
132,206,1360,48840,43480,65.39,-3897.6,1,0.0064,,,,,
163,223,1340,47240,42120,63.29,-3897.5,1,0.0064,,,,,
195,242,1377,50200,40600,64.56,-3897.5,1,0.0064,,,,,
109,191,1177,34200,44680,56.27,-3897.2,1,0.0064,7.44E-11,1.88E-10,9.88E-12,1.08E-11,
134,207,1346,47720,43400,64.5,-3896.9,1,0.0064,,,,,
168,224,1323,45880,42040,62.23,-3896.5,1,0.0064,,,,,
112,195,1134,30760,44360,53.98,-3895.9,1,0.0064,5.96E-11,1.18E-10,3.25E-12,3.52E-12,
104,187,1350,48040,45000,65.82,-3894.7,1,0.0064,5.14E-11,5.55E-11,8.00E-12,7.25E-12,
116,196,1318,45480,44280,63.48,-3892.8,1,0.0064,,,,,
49,147,1248,39880,48200,62.56,-3891.3,1,0.0064,8.33E-11,1.56E-10,4.37E-12,6.31E-12,
332,341,1319,45560,32680,56.07,-3890,1,0.0064,,,,,
164,223,1347,47800,42120,63.71,-3889.8,1,0.0064,,,,,
333,342,1343,47480,32600,57.59,-3889.6,1,0.0064,,,,,
107,189,1341,47320,44840,65.19,-3889.2,1,0.0064,,,,,
103,187,1328,46280,45000,64.55,-3887.6,1,0.0064,,,,,
212,256,1387,51000,39480,64.5,-3885.9,1,0.0064,6.92E-11,1.49E-10,9.05E-12,8.15E-12,
36,133,1244,39560,49320,63.23,-3885.7,1,0.0064,1.21E-10,1.64E-10,7.60E-12,1.10E-11,
149,215,1333,46680,42760,63.3,-3885.4,1,0.0064,,,,,
48,145,1203,36280,48360,60.46,-3884.9,1,0.0064,8.79E-11,1.40E-10,7.04E-12,6.58E-12,
314,325,1345,47640,33960,58.51,-3884.2,1,0.0064,,,,,
150,216,1361,48920,42680,64.92,-3883.9,1,0.0064,,,,,
342,350,1326,46120,31960,56.11,-3883.8,1,0.0064,,,,,
66,163,1319,45560,46920,65.4,-3883.2,1,0.0064,,,,,
156,218,1354,48360,42520,64.39,-3882.4,1,0.0064,,,,,
30,126,1248,39880,49880,63.86,-3881.6,1,0.0064,6.08E-11,1.26E-10,4.65E-12,5.38E-12,
238,274,1393,51480,38040,64.01,-3881.6,1,0.0064,,,,,
114,195,1357,48600,44360,65.8,-3880.3,1,0.0064,,,,,
198,243,1370,49640,40520,64.08,-3878.5,1,0.0064,,,,,
113,195,1349,47960,44360,65.33,-3878.1,1,0.0064,,,,,
180,232,1378,50280,41400,65.13,-3877.5,1,0.0064,,,,,
228,267,1399,51960,38600,64.73,-3877.2,1,0.0064,6.43E-11,1.04E-10,4.56E-12,5.50E-12,
50,149,1229,38360,48040,61.48,-3877,1,0.0064,9.27E-11,1.87E-10,4.30E-12,9.27E-12,
47,144,1294,43560,48440,65.15,-3875.9,1,0.0064,5.93E-11,1.02E-10,7.69E-12,9.16E-12,
173,227,1364,49160,41800,64.53,-3875,1,0.0064,,,,,
135,207,1371,49720,43400,66,-3874.4,1,0.0064,,,,,
15,105,1236,38920,51560,64.6,-3874.2,1,0.0064,4.34E-11,1.49E-10,1.43E-11,1.59E-11,
43,139,1199,35960,48840,60.65,-3873.2,1,0.0064,7.39E-11,1.30E-10,8.62E-12,3.36E-12,
46,143,1217,37400,48520,61.26,-3871.6,1,0.0064,6.93E-11,1.54E-10,4.86E-12,5.30E-12,
240,275,1403,52280,37960,64.61,-3871.6,1,0.0064,3.41E-11,4.94E-11,3.85E-12,3.22E-12,
45,142,1237,39000,48600,62.31,-3870.7,1,0.0064,5.82E-11,1.54E-10,4.51E-12,5.66E-12,
91,182,1342,47400,45400,65.63,-3870.7,1,0.0064,,,,,
339,348,1337,47000,32120,56.93,-3870.2,1,0.0064,,,,,
39,137,1227,38200,49000,62.13,-3867.4,1,0.0064,5.94E-11,1.45E-10,3.14E-12,4.25E-12,
34,130,1212,37000,49560,61.85,-3865.4,1,0.0064,8.76E-11,1.09E-10,3.00E-12,1.23E-11,
196,242,1390,51240,40600,65.38,-3862.9,1,0.0064,4.77E-11,1.17E-10,2.38E-12,3.92E-12,
221,262,1379,50360,39000,63.7,-3862.9,1,0.0064,,,,,
161,222,1380,50440,42200,65.76,-3858.7,1,0.0064,,,,,
28,124,1212,37000,50040,62.23,-3851.2,1,0.0064,6.32E-11,1.70E-10,4.32E-12,5.05E-12,
37,134,1181,34520,49240,60.13,-3848.4,1,0.0064,7.06E-11,1.06E-10,1.77E-11,1.21E-11,
17,106,1221,37720,51480,63.82,-3841.8,1,0.0064,1.05E-10,1.13E-10,1.30E-11,1.12E-11,
59,159,1328,46280,47240,66.13,-3839.9,1,0.0064,5.95E-11,1.27E-10,3.83E-12,6.04E-12,
25,122,1201,36120,50200,61.84,-3838.3,1,0.0064,7.24E-11,2.21E-10,1.95E-11,5.62E-12,
11,95,1262,41000,52360,66.5,-3836.7,1,0.0064,6.39E-11,1.36E-10,6.16E-12,1.56E-11,
35,131,1190,35240,49480,60.75,-3835.5,1,0.0064,8.41E-11,8.85E-11,5.17E-12,7.53E-12,
21,117,1226,38120,50600,63.35,-3835.2,1,0.0064,6.54E-11,1.77E-10,5.89E-12,9.30E-12,
12,96,1248,39880,52280,65.75,-3834.1,1,0.0064,8.63E-11,9.45E-11,7.11E-12,1.62E-11,
24,121,1192,35400,50280,61.49,-3830.9,1,0.0064,8.50E-11,9.94E-11,1.05E-11,8.28E-12,
26,123,1305,44440,50120,66.98,-3828.8,1,0.0064,1.17E-10,6.62E-11,1.62E-11,1.62E-11,
18,108,1199,35960,51320,62.66,-3824.8,1,0.0064,6.90E-11,3.63E-10,1.51E-11,6.45E-12,
378,411,1338,47080,27080,54.31,-3815.4,1,0.0064,,,,,
158,221,1410,52840,42280,67.67,-3812.2,1,0.0064,6.11E-11,1.61E-10,1.79E-12,1.07E-11,
27,123,1314,45160,50120,67.46,-3808.2,1,0.0064,1.01E-10,8.01E-11,1.24E-11,8.81E-12,
3,0,754,360,59960,59.96,-3804.8,1,0.0064,3.04E-11,2.26E-11,2.14E-12,2.54E-12,
22,117,1314,45160,50600,67.82,-3789.9,1,0.0064,9.00E-11,8.71E-11,7.91E-12,9.01E-12,
16,105,1304,44360,51560,68.02,-3779.4,1,0.0064,7.34E-11,1.63E-10,6.87E-12,5.80E-12,
356,365,1380,50440,30760,59.08,-3777.8,1,0.0064,,,,,
23,120,1323,45880,50360,68.13,-3777.3,1,0.0064,8.44E-11,8.77E-11,7.76E-12,7.57E-12,
29,125,1330,46440,49960,68.21,-3771.1,1,0.0064,5.83E-11,9.61E-11,1.08E-11,1.14E-11,
4,0,781,2520,59960,60.01,-3760.4,1,0.0064,3.28E-11,2.87E-11,2.18E-12,4.91E-12,
20,113,1329,46360,50920,68.86,-3751.3,1,0.0064,5.52E-11,5.71E-11,7.52E-12,7.48E-12,
13,101,1324,45960,51880,69.31,-3746.6,1,0.0064,1.08E-10,1.44E-10,8.67E-12,9.13E-12,
10,93,1308,44680,52520,68.95,-3728.5,1,0.0064,8.81E-11,6.44E-11,3.67E-12,5.71E-12,
14,104,1334,46760,51640,69.66,-3727.8,1,0.0064,6.57E-11,9.02E-11,4.17E-12,1.05E-11,
87,179,1402,52200,45640,69.34,-3724.7,1,0.0064,7.11E-11,1.43E-10,4.10E-12,6.30E-12,
254,285,628,-9720,37160,38.41,-3134,1,0.0064,,,,,
2,0,680,-5560,59960,60.22,-3129.1,1,0.0064,3.91E-11,9.53E-11,3.76E-11,7.31E-12,
1,0,630,-9560,59960,60.72,-3034.2,1,0.0064,4.87E-11,1.22E-10,5.64E-12,4.75E-12,
728,1373,423,-26120,-49880,56.31,-3027.1,1,0.0064,9.90E-11,2.19E-10,9.97E-12,9.70E-12,
513,1186,403,-27720,-34920,44.58,-2981.1,1,0.0064,3.59E-10,1.70E-10,5.94E-11,5.35E-11,
704,1341,319,-34440,-47320,58.53,-2968.8,1,0.0064,,,,,
5,49,1129,30360,56040,63.74,-2964.1,1,0.0064,,,,,
707,1342,450,-23960,-47400,53.11,-2963.5,1,0.0064,7.91E-11,1.61E-10,9.39E-12,7.72E-12,
720,1357,425,-25960,-48600,55.1,-2959.3,1,0.0064,1.05E-10,2.00E-10,1.19E-11,9.47E-12,
682,1321,332,-33400,-45720,56.62,-2957.5,1,0.0064,,,,,
571,1231,428,-25720,-38520,46.32,-2956.3,1,0.0064,2.97E-10,1.19E-10,1.53E-10,4.96E-11,
714,1351,445,-24360,-48120,53.93,-2955.7,1,0.0064,5.85E-11,1.52E-10,1.87E-11,1.45E-11,
712,1347,488,-20920,-47800,52.18,-2952.3,1,0.0064,4.43E-10,1.42E-10,3.76E-11,2.22E-11,
548,1214,431,-25480,-37160,45.06,-2949.5,1,0.0064,2.70E-11,1.31E-10,2.57E-12,2.58E-12,
711,1346,413,-26920,-47720,54.79,-2948.7,1,0.0064,,,,,
559,1224,344,-32440,-37960,49.93,-2946,1,0.0064,9.47E-11,8.84E-11,3.94E-11,1.22E-11,
727,1372,395,-28360,-49800,57.31,-2945.7,1,0.0064,1.28E-10,2.23E-10,1.72E-11,1.70E-11,
567,1228,446,-24280,-38280,45.33,-2942.3,1,0.0064,2.99E-10,1.20E-10,9.82E-11,2.73E-11,
647,1290,530,-17560,-43240,46.67,-2938.2,1,0.0064,5.67E-11,1.46E-10,2.92E-12,7.38E-12,
582,1237,435,-25160,-39000,46.41,-2937.4,1,0.0064,2.32E-10,1.91E-10,3.18E-11,2.96E-11,
624,1267,332,-33400,-41400,53.19,-2936.9,1,0.0064,2.28E-10,1.03E-10,2.07E-11,2.17E-11,
675,1316,451,-23880,-45320,51.23,-2936.9,1,0.0064,6.84E-11,2.00E-10,7.39E-12,7.93E-12,
519,1191,419,-26440,-35320,44.12,-2936.7,1,0.0064,9.27E-11,6.19E-11,1.02E-11,1.20E-11,
641,1284,361,-31080,-42760,52.86,-2936.2,1,0.0064,4.60E-11,1.27E-10,1.44E-11,6.89E-12,
694,1331,343,-32520,-46520,56.76,-2936.1,1,0.0064,,,,,
583,1238,372,-30200,-39080,49.39,-2935.4,1,0.0064,8.28E-11,6.65E-11,1.89E-11,1.15E-11,
721,1357,464,-22840,-48600,53.7,-2934.5,1,0.0064,4.41E-11,1.52E-10,2.44E-11,1.29E-11,
680,1320,395,-28360,-45640,53.73,-2934,1,0.0064,6.58E-11,1.37E-10,1.28E-11,7.09E-12,
645,1288,372,-30200,-43080,52.61,-2933.8,1,0.0064,2.34E-10,1.45E-10,5.91E-11,2.02E-11,
717,1354,486,-21080,-48360,52.75,-2933.5,1,0.0064,3.48E-10,2.42E-10,1.27E-11,4.41E-11,
655,1297,500,-19960,-43800,48.13,-2933,1,0.0064,3.13E-11,1.55E-10,8.49E-12,2.24E-11,
718,1357,365,-30760,-48600,57.52,-2932.7,1,0.0064,,,,,
693,1330,360,-31160,-46440,55.93,-2932.6,1,0.0064,,,,,
599,1251,326,-33880,-40120,52.51,-2932.3,1,0.0064,2.42E-10,6.00E-11,1.50E-11,2.51E-11,
591,1245,414,-26840,-39640,47.87,-2931.8,1,0.0064,1.72E-10,1.35E-10,5.25E-11,2.60E-11,
685,1324,406,-27480,-45960,53.55,-2931.4,1,0.0064,1.06E-10,1.23E-10,1.81E-11,1.35E-11,
584,1238,378,-29720,-39080,49.1,-2930.6,1,0.0064,1.64E-10,1.00E-10,5.62E-11,1.60E-11,
719,1357,375,-29960,-48600,57.09,-2930.4,1,0.0064,,,,,
715,1353,476,-21880,-48280,53.01,-2930.1,1,0.0064,1.05E-10,1.49E-10,1.52E-11,1.02E-11,
671,1313,379,-29640,-45080,53.95,-2929.3,1,0.0064,4.41E-11,8.80E-11,4.50E-12,4.91E-12,
640,1281,510,-19160,-42520,46.64,-2928.6,1,0.0064,4.48E-11,1.31E-10,1.12E-11,8.85E-12,
602,1253,397,-28200,-40280,49.17,-2926.3,1,0.0064,2.70E-10,3.14E-11,9.69E-11,3.75E-11,
616,1261,380,-29560,-40920,50.48,-2926.3,1,0.0064,2.18E-10,1.08E-10,5.12E-11,2.87E-11,
726,1367,381,-29480,-49400,57.53,-2926,1,0.0064,,,,,
556,1219,376,-29880,-37560,48,-2925.9,1,0.0064,7.30E-11,1.85E-10,1.40E-11,7.03E-12,
648,1291,490,-20760,-43320,48.04,-2925.8,1,0.0064,,,,,
722,1360,478,-21720,-48840,53.45,-2924,1,0.0064,1.13E-10,1.42E-10,6.28E-12,1.71E-11,
639,1281,499,-20040,-42520,47.01,-2923.9,1,0.0064,,,,,
618,1262,391,-28680,-41000,50.04,-2922.9,1,0.0064,8.47E-11,1.90E-10,1.08E-11,1.26E-11,
706,1342,423,-26120,-47400,54.12,-2922.4,1,0.0064,7.10E-11,1.97E-10,1.61E-11,7.85E-12,
700,1336,311,-35080,-46920,58.58,-2922.2,1,0.0064,,,,,
551,1217,351,-31880,-37400,49.14,-2922.1,1,0.0064,9.66E-11,7.88E-11,4.22E-11,1.28E-11,
633,1274,514,-18840,-41960,46,-2922.1,1,0.0064,,,,,
661,1303,526,-17880,-44280,47.75,-2921.9,1,0.0064,8.73E-11,1.81E-10,1.11E-11,9.01E-12,
725,1366,369,-30440,-49320,57.96,-2921.9,1,0.0064,,,,,
695,1331,393,-28520,-46520,54.57,-2921.1,1,0.0064,,,,,
531,1202,412,-27000,-36200,45.16,-2920.6,1,0.0064,5.03E-11,9.41E-11,1.61E-11,6.22E-12,
592,1246,406,-27480,-39720,48.3,-2920.5,1,0.0064,8.19E-11,1.04E-10,1.68E-11,1.04E-11,
562,1225,391,-28680,-38040,47.64,-2920.2,1,0.0064,6.04E-11,1.39E-10,8.97E-12,5.72E-12,
709,1343,354,-31640,-47480,57.06,-2919.9,1,0.0064,,,,,
586,1239,404,-27640,-39160,47.93,-2918.7,1,0.0064,9.95E-11,1.30E-10,1.35E-11,1.24E-11,
686,1325,305,-35560,-46040,58.17,-2918.7,1,0.0064,,,,,
654,1295,521,-18280,-43640,47.31,-2918.2,1,0.0064,4.54E-11,1.17E-10,1.12E-11,7.65E-12,
697,1332,401,-27880,-46600,54.3,-2918.1,1,0.0064,,,,,
609,1257,372,-30200,-40600,50.6,-2917.5,1,0.0064,5.76E-11,1.66E-10,9.17E-12,6.84E-12,
646,1289,392,-28600,-43160,51.78,-2917.5,1,0.0064,1.32E-10,1.34E-10,3.41E-11,2.08E-11,
702,1338,413,-26920,-47080,54.23,-2917.4,1,0.0064,2.03E-10,1.88E-10,3.58E-11,2.06E-11,
577,1236,387,-29000,-38920,48.54,-2916.9,1,0.0064,7.58E-11,1.74E-10,2.83E-11,1.60E-11,
608,1257,344,-32440,-40600,51.97,-2916.8,1,0.0064,6.03E-11,1.69E-10,8.06E-12,6.81E-12,
566,1228,404,-27640,-38280,47.22,-2916.6,1,0.0064,9.57E-11,1.18E-10,1.76E-11,5.51E-12,
710,1343,399,-28040,-47480,55.14,-2916.6,1,0.0064,,,,,
565,1227,359,-31240,-38200,49.35,-2916.5,1,0.0064,5.45E-10,1.51E-10,1.77E-10,5.12E-11,
703,1339,436,-25080,-47160,53.41,-2916.5,1,0.0064,1.05E-10,2.07E-10,2.09E-11,1.11E-11,
692,1329,374,-30040,-46360,55.24,-2916.4,1,0.0064,,,,,
723,1362,357,-31400,-49000,58.2,-2916.3,1,0.0064,,,,,
665,1308,326,-33880,-44680,56.07,-2915.6,1,0.0064,,,,,
691,1328,382,-29400,-46280,54.83,-2915.1,1,0.0064,,,,,
705,1341,337,-33000,-47320,57.69,-2914.6,1,0.0064,,,,,
587,1240,410,-27160,-39240,47.72,-2914.3,1,0.0064,7.98E-11,1.60E-10,1.34E-11,1.10E-11,
596,1249,364,-30840,-39960,50.48,-2914.2,1,0.0064,4.15E-11,1.26E-10,6.31E-12,4.84E-12,
607,1255,365,-30760,-40440,50.81,-2914.2,1,0.0064,5.19E-11,1.04E-10,6.58E-12,9.56E-12,
666,1308,363,-30920,-44680,54.34,-2914,1,0.0064,6.78E-11,4.55E-11,1.26E-11,4.76E-12,
514,1187,391,-28680,-35000,45.25,-2913.6,1,0.0064,1.99E-10,7.00E-11,6.82E-11,2.32E-11,
617,1261,503,-19720,-40920,45.42,-2913.5,1,0.0064,,,,,
656,1298,393,-28520,-43880,52.33,-2913.5,1,0.0064,7.40E-11,1.82E-10,1.15E-11,1.13E-11,
530,1202,391,-28680,-36200,46.18,-2913.3,1,0.0064,7.10E-11,1.12E-10,1.03E-11,8.11E-12,
664,1306,399,-28040,-44520,52.61,-2912.8,1,0.0064,6.21E-11,9.14E-11,1.03E-11,1.06E-11,
503,1177,401,-27880,-34200,44.12,-2912.7,1,0.0064,2.85E-10,1.37E-10,1.13E-10,1.88E-11,
636,1277,386,-29080,-42200,51.25,-2912.7,1,0.0064,1.20E-10,1.20E-10,1.88E-11,1.02E-11,
637,1277,393,-28520,-42200,50.93,-2912.7,1,0.0064,1.18E-10,1.34E-10,1.80E-11,7.77E-12,
689,1326,500,-19960,-46120,50.25,-2912.7,1,0.0064,4.93E-11,9.37E-11,6.19E-12,9.47E-12,
662,1304,534,-17240,-44360,47.59,-2912.6,1,0.0064,5.19E-11,1.25E-10,4.88E-12,5.39E-12,
643,1286,351,-31880,-42920,53.46,-2912.4,1,0.0064,4.96E-11,1.00E-10,1.00E-11,4.96E-12,
588,1242,449,-24040,-39400,46.15,-2912,1,0.0064,9.11E-11,8.85E-11,6.57E-12,8.98E-12,
572,1232,366,-30680,-38600,49.31,-2911.2,1,0.0064,4.60E-11,1.66E-10,1.07E-11,6.79E-12,
708,1342,464,-22840,-47400,52.62,-2910.9,1,0.0064,9.38E-11,1.57E-10,5.29E-12,6.76E-12,
578,1236,393,-28520,-38920,48.25,-2910.6,1,0.0064,6.62E-11,2.47E-10,7.81E-12,5.13E-12,
563,1225,412,-27000,-38040,46.65,-2910.5,1,0.0064,9.74E-11,9.03E-11,1.83E-11,1.02E-11,
605,1254,358,-31320,-40360,51.09,-2910.5,1,0.0064,4.91E-11,1.33E-10,9.29E-12,6.71E-12,
676,1317,418,-26520,-45400,52.58,-2910,1,0.0064,1.15E-10,1.10E-10,3.12E-11,1.86E-11,
598,1249,473,-22120,-39960,45.67,-2909.9,1,0.0064,,,,,
631,1273,341,-32680,-41880,53.12,-2909.8,1,0.0064,6.13E-11,1.76E-10,6.25E-12,5.15E-12,
593,1248,357,-31400,-39880,50.76,-2909.7,1,0.0064,5.65E-11,1.71E-10,6.13E-12,3.10E-12,
595,1249,347,-32200,-39960,51.32,-2909.2,1,0.0064,5.07E-11,1.57E-10,6.47E-12,5.89E-12,
574,1233,416,-26680,-38680,46.99,-2909.1,1,0.0064,8.29E-11,1.45E-10,3.20E-11,1.42E-11,
660,1302,511,-19080,-44200,48.14,-2909.1,1,0.0064,9.03E-11,1.67E-10,9.51E-12,9.04E-12,
668,1310,314,-34840,-44840,56.78,-2909.1,1,0.0064,6.29E-11,1.07E-10,7.17E-13,5.63E-12,
673,1314,365,-30760,-45160,54.64,-2909,1,0.0064,,,,,
555,1219,361,-31080,-37560,48.75,-2908.8,1,0.0064,9.25E-11,1.86E-10,1.58E-11,5.80E-12,
601,1252,313,-34920,-40200,53.25,-2908.8,1,0.0064,4.82E-11,5.49E-11,4.03E-12,4.10E-12,
523,1195,389,-28840,-35640,45.85,-2908.6,1,0.0064,5.35E-11,6.76E-11,7.95E-12,7.02E-12,
698,1333,325,-33960,-46680,57.73,-2908.4,1,0.0064,,,,,
658,1302,378,-29720,-44200,53.26,-2907.7,1,0.0064,3.25E-11,1.21E-10,8.21E-12,4.60E-12,
684,1323,345,-32360,-45880,56.14,-2907.5,1,0.0064,,,,,
651,1293,364,-30840,-43480,53.31,-2907.4,1,0.0064,9.04E-11,1.68E-10,2.88E-11,6.27E-12,
653,1295,383,-29320,-43640,52.57,-2907.4,1,0.0064,6.82E-11,8.71E-11,2.73E-11,9.01E-12,
522,1194,434,-25240,-35560,43.61,-2907.2,1,0.0064,1.74E-11,8.92E-11,1.55E-12,2.31E-12,
622,1265,325,-33960,-41240,53.42,-2907.2,1,0.0064,4.21E-11,1.88E-10,4.28E-12,7.59E-12,
600,1251,336,-33080,-40120,52,-2906.9,1,0.0064,4.80E-11,1.50E-10,3.04E-12,5.69E-12,
635,1277,380,-29560,-42200,51.52,-2906.9,1,0.0064,4.49E-11,9.85E-11,5.07E-12,4.89E-12,
687,1325,321,-34280,-46040,57.4,-2906.9,1,0.0064,,,,,
644,1287,385,-29160,-43000,51.95,-2906.8,1,0.0064,8.37E-11,1.99E-10,1.08E-11,1.22E-11,
614,1259,497,-20200,-40760,45.49,-2906.5,1,0.0064,,,,,
630,1272,508,-19320,-41800,46.05,-2906.5,1,0.0064,,,,,
585,1239,341,-32680,-39160,51,-2906.4,1,0.0064,4.28E-11,1.14E-10,7.02E-12,2.30E-12,
638,1279,370,-30360,-42360,52.12,-2906.3,1,0.0064,4.24E-11,1.25E-10,8.01E-12,6.34E-12,
696,1331,442,-24600,-46520,52.62,-2906.3,1,0.0064,7.32E-11,1.62E-10,1.30E-11,1.22E-11,
629,1272,353,-31720,-41800,52.47,-2905.7,1,0.0064,5.83E-11,5.39E-11,7.92E-12,6.02E-12,
634,1274,527,-17800,-41960,45.58,-2905.3,1,0.0064,1.05E-10,1.20E-10,1.17E-11,6.85E-12,
657,1300,315,-34760,-44040,56.11,-2904.9,1,0.0064,4.13E-11,1.57E-10,4.82E-12,3.80E-12,
539,1206,402,-27800,-36520,45.9,-2904.4,1,0.0064,7.55E-11,1.74E-10,1.76E-11,7.83E-12,
690,1327,437,-25000,-46200,52.53,-2904.2,1,0.0064,8.92E-11,2.35E-10,1.70E-11,8.22E-12,
667,1309,407,-27400,-44760,52.48,-2903.6,1,0.0064,8.77E-11,1.30E-10,1.84E-11,9.96E-12,
625,1269,482,-21400,-41560,46.75,-2903.3,1,0.0064,,,,,
649,1292,326,-33880,-43400,55.06,-2903.2,1,0.0064,7.80E-11,1.94E-10,5.65E-12,8.01E-12,
699,1335,480,-21560,-46840,51.56,-2903.2,1,0.0064,3.86E-11,1.49E-10,1.72E-11,1.25E-11,
580,1236,461,-23080,-38920,45.25,-2903,1,0.0064,,,,,
619,1262,483,-21320,-41000,46.21,-2902.9,1,0.0064,,,,,
621,1264,473,-22120,-41160,46.73,-2902.9,1,0.0064,,,,,
626,1271,362,-31000,-41720,51.98,-2902.7,1,0.0064,4.13E-11,9.78E-11,8.80E-12,4.05E-12,
579,1236,442,-24600,-38920,46.04,-2902.6,1,0.0064,8.71E-11,2.67E-10,7.22E-12,8.07E-12,
652,1294,337,-33000,-43560,54.65,-2902,1,0.0064,6.35E-11,2.27E-10,7.77E-12,3.79E-12,
573,1233,340,-32760,-38680,50.69,-2901.9,1,0.0064,4.29E-11,2.19E-10,3.79E-12,4.26E-12,
581,1237,349,-32040,-39000,50.47,-2901.9,1,0.0064,4.09E-11,1.28E-10,9.43E-12,7.26E-12,
670,1312,414,-26840,-45000,52.4,-2901.9,1,0.0064,1.36E-10,1.96E-10,4.23E-11,2.22E-11,
589,1243,334,-33240,-39480,51.61,-2901.8,1,0.0064,4.43E-11,1.59E-10,1.21E-12,3.20E-12,
683,1323,314,-34840,-45880,57.61,-2901.8,1,0.0064,,,,,
716,1354,338,-32920,-48360,58.5,-2901.8,1,0.0064,,,,,
594,1248,436,-25080,-39880,47.11,-2901.2,1,0.0064,1.04E-10,2.71E-10,1.71E-11,8.47E-12,
610,1257,458,-23320,-40600,46.82,-2901.1,1,0.0064,1.21E-10,1.53E-10,9.51E-12,1.71E-11,
613,1259,327,-33800,-40760,52.95,-2901,1,0.0064,5.85E-11,1.47E-10,4.73E-12,3.81E-12,
623,1266,493,-20520,-41320,46.13,-2900.9,1,0.0064,,,,,
672,1313,522,-18200,-45080,48.62,-2900.8,1,0.0064,9.94E-11,1.84E-10,6.79E-12,1.37E-11,
576,1236,334,-33240,-38920,51.18,-2900.5,1,0.0064,2.81E-11,1.46E-10,6.08E-12,5.43E-12,
611,1257,484,-21240,-40600,45.82,-2900.4,1,0.0064,,,,,
549,1214,454,-23640,-37160,44.04,-2900.1,1,0.0064,2.47E-11,9.38E-11,3.44E-12,1.48E-12,
546,1211,352,-31800,-36920,48.73,-2900,1,0.0064,3.24E-11,1.31E-10,1.11E-11,5.41E-12,
628,1271,470,-22360,-41720,47.33,-2899.7,1,0.0064,8.24E-11,1.61E-10,9.61E-12,1.30E-11,
538,1206,356,-31480,-36520,48.22,-2899.4,1,0.0064,5.15E-11,1.24E-10,8.67E-12,3.49E-12,
606,1255,320,-34360,-40440,53.07,-2899,1,0.0064,2.80E-11,1.97E-10,8.30E-13,4.44E-12,
632,1273,476,-21880,-41880,47.25,-2899,1,0.0064,,,,,
525,1196,403,-27720,-35720,45.21,-2898.6,1,0.0064,4.96E-11,1.45E-10,1.63E-11,3.31E-12,
529,1200,369,-30440,-36040,47.17,-2898.4,1,0.0064,4.60E-11,1.31E-10,5.74E-12,4.31E-12,
701,1338,301,-35880,-47080,59.19,-2897.5,1,0.0064,,,,,
615,1260,446,-24280,-40840,47.51,-2896.7,1,0.0064,9.19E-11,1.61E-10,1.87E-11,6.55E-12,
557,1219,446,-24280,-37560,44.72,-2896.1,1,0.0064,6.29E-11,9.13E-11,5.44E-12,5.35E-12,
659,1302,476,-21880,-44200,49.32,-2896.1,1,0.0064,1.22E-10,2.52E-10,4.24E-12,1.06E-11,
597,1249,463,-22920,-39960,46.07,-2894.9,1,0.0064,8.28E-11,2.33E-10,6.92E-12,1.83E-11,
518,1191,383,-29320,-35320,45.9,-2894,1,0.0064,3.60E-11,9.81E-11,6.23E-12,4.16E-12,
603,1253,446,-24280,-40280,47.03,-2893.5,1,0.0064,6.48E-11,1.77E-10,1.74E-11,7.12E-12,
678,1319,301,-35880,-45560,57.99,-2891.5,1,0.0064,2.24E-10,1.73E-10,6.53E-12,2.03E-11,
663,1306,336,-33080,-44520,55.46,-2891,1,0.0064,,,,,
677,1318,432,-25400,-45480,52.09,-2890.6,1,0.0064,1.11E-10,1.70E-10,2.27E-11,1.72E-11,
504,1178,420,-26360,-34280,43.24,-2888.3,1,0.0064,4.38E-11,7.69E-11,4.89E-12,3.62E-12,
669,1310,349,-32040,-44840,55.11,-2887.8,1,0.0064,,,,,
731,1385,467,-22600,-50840,55.64,-2886.8,1,0.0064,4.60E-10,5.21E-11,5.72E-11,5.10E-11,
688,1325,490,-20760,-46040,50.5,-2885.7,1,0.0064,7.93E-11,1.96E-10,9.05E-12,8.36E-12,
650,1292,478,-21720,-43400,48.53,-2885.4,1,0.0064,1.29E-10,1.65E-10,1.60E-11,1.30E-11,
674,1315,490,-20760,-45240,49.78,-2885.1,1,0.0064,3.91E-11,1.89E-10,1.21E-11,1.56E-11,
532,1202,453,-23720,-36200,43.28,-2884.7,1,0.0064,2.81E-11,8.34E-11,8.03E-13,2.50E-12,
564,1225,468,-22520,-38040,44.21,-2883.7,1,0.0064,,,,,
724,1362,500,-19960,-49000,52.91,-2883.5,1,0.0064,1.84E-10,1.17E-10,2.25E-11,8.83E-12,
679,1320,295,-36360,-45640,58.35,-2883.2,1,0.0064,2.56E-11,1.38E-10,4.24E-12,4.22E-12,
627,1271,410,-27160,-41720,49.78,-2881.1,1,0.0064,1.17E-10,1.56E-10,2.73E-11,1.60E-11,
540,1206,441,-24680,-36520,44.08,-2879.1,1,0.0064,5.48E-11,3.89E-10,2.85E-12,4.28E-12,
642,1285,310,-35160,-42840,55.42,-2876.4,1,0.0064,2.89E-11,1.46E-10,1.86E-12,4.70E-12,
541,1206,469,-22440,-36520,42.86,-2870.8,1,0.0064,4.43E-11,1.30E-10,5.38E-12,7.85E-12,
425,818,874,9960,-5480,11.37,-2868.8,1,0.0064,,,,,
533,1204,463,-22920,-36360,42.98,-2868.7,1,0.0064,4.91E-11,9.01E-11,3.50E-12,2.73E-12,
547,1211,478,-21720,-36920,42.84,-2865.8,1,0.0064,,,,,
681,1321,285,-37160,-45720,58.92,-2856.1,1,0.0064,2.53E-11,1.04E-10,5.44E-12,2.52E-12,
418,803,835,6840,-4280,8.07,-2843.6,1,0.0064,,,,,
427,839,872,9800,-7160,12.14,-2811.3,1,0.0064,,,,,
713,1349,514,-18840,-47960,51.53,-2797.1,1,0.0064,1.07E-10,1.21E-10,1.56E-11,9.30E-12,
9,84,1101,28120,53240,60.21,-2796.6,1,0.0064,,,,,
423,815,831,6520,-5240,8.36,-2795,1,0.0064,,,,,
426,833,846,7720,-6680,10.21,-2790.5,1,0.0064,,,,,
501,1174,256,-39480,-33960,52.08,-2613.2,1,0.0064,,,,,
509,1183,234,-41240,-34680,53.88,-2608.2,1,0.0064,,,,,
535,1205,267,-38600,-36440,53.08,-2589.1,1,0.0064,9.08E-11,1.27E-10,1.05E-11,4.82E-12,
498,1165,302,-35800,-33240,48.85,-2576.4,1,0.0064,1.22E-10,5.58E-11,4.11E-11,1.78E-11,
537,1206,275,-37960,-36520,52.68,-2574.9,1,0.0064,7.90E-11,7.97E-11,7.74E-12,9.32E-12,
561,1225,251,-39880,-38040,55.11,-2571.1,1,0.0064,1.95E-10,1.47E-10,8.23E-12,1.41E-11,
521,1194,276,-37880,-35560,51.96,-2568.2,1,0.0064,1.21E-10,8.37E-11,3.72E-12,2.33E-11,
550,1216,255,-39560,-37320,54.39,-2563.7,1,0.0064,5.50E-11,1.32E-10,3.90E-11,9.98E-12,
512,1186,280,-37560,-34920,51.29,-2562.3,1,0.0064,4.77E-11,6.16E-11,5.94E-12,1.67E-11,
545,1209,257,-39400,-36760,53.89,-2561.4,1,0.0064,4.03E-11,1.80E-10,9.09E-12,1.72E-11,
500,1172,283,-37320,-33800,50.35,-2561.3,1,0.0064,,,,,
528,1200,258,-39320,-36040,53.34,-2561.3,1,0.0064,8.24E-11,1.03E-10,1.01E-11,1.24E-11,
516,1190,295,-36360,-35240,50.64,-2561.1,1,0.0064,4.74E-11,1.64E-10,3.58E-12,1.20E-11,
520,1193,260,-39160,-35480,52.84,-2558.8,1,0.0064,6.83E-11,7.61E-11,8.73E-12,8.15E-12,
536,1206,247,-40200,-36520,54.31,-2558.7,1,0.0064,8.37E-11,1.51E-10,1.14E-11,1.67E-11,
505,1179,302,-35800,-34360,49.62,-2558.2,1,0.0064,5.19E-11,6.14E-11,9.73E-12,9.29E-12,
554,1218,249,-40040,-37480,54.84,-2555.5,1,0.0064,5.69E-11,1.36E-10,1.05E-11,1.13E-11,
526,1198,235,-41160,-35880,54.6,-2553.2,1,0.0064,,,,,
506,1180,276,-37880,-34440,51.2,-2552.5,1,0.0064,,,,,
524,1196,252,-39800,-35720,53.48,-2550.7,1,0.0064,5.71E-11,1.10E-10,5.43E-12,1.64E-11,
544,1208,238,-40920,-36680,54.95,-2550.1,1,0.0064,4.11E-11,1.36E-10,9.16E-12,8.64E-12,
510,1183,308,-35320,-34680,49.5,-2549.6,1,0.0064,5.54E-11,5.13E-10,1.07E-11,1.07E-11,
534,1205,229,-41640,-36440,55.33,-2547.5,1,0.0064,,,,,
502,1177,308,-35320,-34200,49.16,-2545,1,0.0064,3.10E-11,7.58E-11,5.13E-12,3.69E-12,
558,1221,240,-40760,-37720,55.54,-2544.7,1,0.0064,6.08E-11,1.29E-10,6.09E-12,9.18E-12,
491,1147,283,-37320,-31800,49.03,-2542.2,1,0.0064,4.46E-11,6.32E-11,7.12E-12,4.58E-12,
511,1184,266,-38680,-34760,52,-2541.5,1,0.0064,,,,,
496,1159,276,-37880,-32760,50.08,-2541.2,1,0.0064,,,,,
495,1151,314,-34840,-32120,47.39,-2541.1,1,0.0064,9.43E-11,9.10E-11,1.98E-11,2.35E-11,
527,1199,229,-41640,-35960,55.02,-2540.7,1,0.0064,,,,,
497,1160,291,-36680,-32840,49.23,-2539.5,1,0.0064,2.94E-11,4.71E-11,6.42E-12,2.74E-12,
494,1151,295,-36360,-32120,48.52,-2537.2,1,0.0064,4.90E-11,9.60E-11,9.93E-12,4.15E-12,
499,1169,277,-37800,-33560,50.55,-2535,1,0.0064,,,,,
485,1138,316,-34680,-31080,46.57,-2532.6,1,0.0064,8.05E-11,4.36E-11,3.31E-11,6.12E-12,
492,1149,309,-35240,-31960,47.57,-2532.3,1,0.0064,4.75E-11,4.61E-11,1.53E-11,2.04E-12,
488,1142,310,-35160,-31400,47.14,-2531,1,0.0064,3.93E-11,5.78E-11,9.20E-12,5.15E-12,
470,1114,235,-41160,-29160,50.44,-2525,1,0.0064,7.36E-11,1.40E-10,1.02E-11,7.65E-12,
464,1107,331,-33480,-28600,44.03,-2523.6,1,0.0064,1.64E-10,1.52E-10,8.70E-11,2.21E-11,
493,1150,262,-39000,-32040,50.47,-2515.9,1,0.0064,,,,,
463,1101,334,-33240,-28120,43.54,-2514.1,1,0.0064,1.18E-10,1.18E-10,1.83E-11,1.30E-11,
489,1143,262,-39000,-31480,50.12,-2513.4,1,0.0064,,,,,
478,1124,312,-35000,-29960,46.07,-2512.6,1,0.0064,2.21E-10,1.12E-10,5.21E-11,2.91E-11,
474,1115,248,-40120,-29240,49.64,-2511.6,1,0.0064,6.24E-11,1.06E-10,4.71E-12,6.54E-12,
473,1115,241,-40680,-29240,50.1,-2510,1,0.0064,2.65E-10,2.77E-09,1.49E-11,2.54E-11,
468,1112,316,-34680,-29000,45.21,-2509,1,0.0064,2.49E-10,1.48E-10,1.23E-11,3.19E-11,
465,1108,216,-42680,-28680,51.42,-2506.5,1,0.0064,,,,,
472,1115,228,-41720,-29240,50.95,-2505.7,1,0.0064,7.54E-11,1.77E-10,2.42E-12,3.42E-12,
477,1119,217,-42600,-29560,51.85,-2500.4,1,0.0064,6.37E-11,2.28E-10,4.98E-12,5.11E-12,
471,1114,339,-32840,-29160,43.92,-2499.4,1,0.0064,3.28E-11,8.98E-11,2.26E-12,4.29E-12,
482,1129,327,-33800,-30360,45.43,-2495.2,1,0.0064,4.04E-11,8.22E-11,1.01E-11,3.45E-12,
508,1181,209,-43240,-34520,55.33,-2492.6,1,0.0064,,,,,
487,1140,190,-44760,-31240,54.58,-2492.5,1,0.0064,3.71E-11,1.33E-10,1.86E-12,2.80E-12,
462,1100,229,-41640,-28040,50.2,-2492.2,1,0.0064,,,,,
467,1110,348,-32120,-28840,43.17,-2492,1,0.0064,7.88E-11,1.34E-10,1.81E-11,5.35E-12,
461,1098,348,-32120,-27880,42.53,-2490.4,1,0.0064,6.89E-11,6.50E-11,8.38E-12,5.51E-12,
490,1147,198,-44120,-31800,54.39,-2490.1,1,0.0064,1.67E-10,9.37E-11,5.56E-12,2.81E-11,
476,1118,329,-33640,-29480,44.73,-2488.6,1,0.0064,6.66E-11,7.73E-11,7.39E-12,1.12E-11,
484,1131,291,-36680,-30520,47.72,-2488.2,1,0.0064,1.60E-10,6.51E-11,2.40E-11,2.02E-11,
480,1128,207,-43400,-30280,52.92,-2480.8,1,0.0064,5.39E-11,2.35E-10,6.45E-12,5.53E-12,
570,1231,206,-43480,-38520,58.09,-2480.6,1,0.0064,4.81E-11,3.50E-10,1.15E-11,7.85E-12,
483,1130,193,-44520,-30440,53.93,-2472.1,1,0.0064,3.52E-11,1.25E-10,8.15E-12,5.15E-12,
486,1139,209,-43240,-31160,53.3,-2471.3,1,0.0064,5.37E-11,1.42E-10,7.58E-12,5.91E-12,
481,1128,272,-38200,-30280,48.75,-2426.9,1,0.0064,8.23E-11,1.87E-10,7.01E-12,4.94E-12,
458,1093,428,-25720,-27480,37.64,-2419,1,0.0064,7.14E-11,1.17E-10,3.43E-12,6.98E-12,
430,1036,383,-29320,-22920,37.22,-2407,1,0.0064,1.44E-09,3.28E-10,1.68E-10,2.66E-10,
450,1075,308,-35320,-26040,43.88,-2405.8,1,0.0064,1.09E-10,7.08E-11,1.49E-11,1.98E-11,
475,1118,273,-38120,-29480,48.19,-2404.8,1,0.0064,9.10E-11,1.52E-10,7.55E-12,7.23E-12,
457,1088,315,-34760,-27080,44.06,-2400.6,1,0.0064,5.21E-11,1.00E-10,1.37E-11,7.02E-12,
455,1085,405,-27560,-26840,38.47,-2399.8,1,0.0064,9.15E-11,1.48E-10,4.93E-12,4.03E-12,
443,1068,316,-34680,-25480,43.03,-2394.7,1,0.0064,2.13E-10,7.17E-11,4.35E-11,2.45E-11,
452,1080,320,-34360,-26440,43.36,-2391.6,1,0.0064,5.62E-11,9.61E-11,1.64E-11,6.03E-12,
449,1072,343,-32520,-25800,41.51,-2386.5,1,0.0064,1.12E-10,1.28E-10,2.24E-11,1.56E-11,
446,1070,302,-35800,-25640,44.03,-2385.2,1,0.0064,3.42E-11,9.58E-11,5.16E-12,6.06E-12,
440,1064,300,-35960,-25160,43.89,-2381.6,1,0.0064,8.53E-11,6.88E-11,7.00E-12,9.31E-12,
460,1098,276,-37880,-27880,47.03,-2381.2,1,0.0064,4.13E-11,5.97E-11,9.56E-12,7.20E-12,
445,1069,328,-33720,-25560,42.31,-2376.8,1,0.0064,5.85E-11,1.51E-10,8.60E-12,4.57E-12,
469,1112,393,-28520,-29000,40.67,-2374.2,1,0.0064,4.80E-11,2.11E-10,3.49E-12,6.17E-12,
466,1108,399,-28040,-28680,40.11,-2373.6,1,0.0064,3.47E-11,1.15E-10,2.62E-12,3.38E-12,
454,1083,412,-27000,-26680,37.96,-2370.4,1,0.0064,5.74E-11,1.12E-10,1.96E-12,4.46E-12,
456,1087,399,-28040,-27000,38.93,-2369.1,1,0.0064,3.89E-11,1.48E-10,5.05E-12,3.48E-12,
459,1097,407,-27400,-27800,39.03,-2364.1,1,0.0064,4.58E-11,3.56E-10,3.95E-12,3.83E-12,
444,1068,375,-29960,-25480,39.33,-2357.7,1,0.0064,,,,,
447,1071,275,-37960,-25720,45.85,-2356,1,0.0064,1.63E-10,6.41E-11,1.99E-11,1.54E-11,
391,765,142,-48600,-1240,48.62,-2353.8,1,0.0064,1.10E-10,1.16E-10,1.46E-11,1.67E-11,
441,1064,362,-31000,-25160,39.93,-2352.3,1,0.0064,,,,,
437,1051,372,-30200,-24120,38.65,-2343.8,1,0.0064,,,,,
442,1067,282,-37400,-25400,45.21,-2342.6,1,0.0064,8.84E-11,1.12E-10,2.98E-11,1.78E-11,
402,783,128,-49720,-2680,49.79,-2341.5,1,0.0064,7.87E-11,1.32E-10,1.30E-11,7.50E-12,
385,754,89,-52840,-360,52.84,-2340.8,1,0.0064,2.70E-10,7.56E-11,2.13E-11,3.31E-11,
393,769,123,-50120,-1560,50.14,-2336.2,1,0.0064,3.23E-10,1.61E-10,1.29E-11,2.66E-11,
439,1059,370,-30360,-24760,39.18,-2334.6,1,0.0064,,,,,
386,756,98,-52120,-520,52.12,-2331.8,1,0.0064,3.46E-10,1.11E-10,2.69E-11,5.13E-11,
435,1049,382,-29400,-23960,37.93,-2331.4,1,0.0064,2.74E-10,1.87E-10,3.20E-11,2.12E-11,
394,773,137,-49000,-1880,49.04,-2330.8,1,0.0064,1.56E-10,7.33E-11,8.84E-12,1.29E-11,
396,777,83,-53320,-2200,53.37,-2330.7,1,0.0064,2.15E-10,1.79E-10,1.91E-11,1.38E-11,
479,1124,429,-25640,-29960,39.43,-2330.3,1,0.0064,3.95E-11,1.70E-10,4.75E-12,7.37E-12,
434,1046,365,-30760,-23720,38.84,-2327.8,1,0.0064,,,,,
507,1181,167,-46600,-34520,57.99,-2327.7,1,0.0064,,,,,
390,763,110,-51160,-1080,51.17,-2326.4,1,0.0064,7.19E-11,2.32E-10,1.24E-11,1.15E-11,
398,778,71,-54280,-2280,54.33,-2325.7,1,0.0064,,,,,
387,759,119,-50440,-760,50.45,-2325.6,1,0.0064,1.94E-10,1.23E-10,1.55E-11,1.39E-11,
436,1051,280,-37560,-24120,44.64,-2325.4,1,0.0064,7.12E-11,9.23E-11,1.14E-11,9.97E-12,
395,775,105,-51560,-2040,51.6,-2324.4,1,0.0064,3.80E-10,2.32E-10,4.91E-11,4.75E-11,
399,781,111,-51080,-2520,51.14,-2324.3,1,0.0064,1.64E-10,1.16E-10,1.16E-11,1.68E-11,
403,786,119,-50440,-2920,50.52,-2321.1,1,0.0064,1.95E-10,6.51E-11,9.94E-12,2.86E-11,
409,789,108,-51320,-3160,51.42,-2321,1,0.0064,3.49E-10,1.66E-10,2.80E-11,3.58E-11,
420,807,93,-52520,-4600,52.72,-2320.4,1,0.0064,3.67E-10,1.30E-10,2.35E-11,1.27E-11,
382,745,108,-51320,360,51.32,-2319.7,1,0.0064,1.26E-10,2.24E-10,8.48E-12,1.39E-11,
404,786,144,-48440,-2920,48.53,-2318.3,1,0.0064,1.87E-10,2.06E-10,1.21E-11,2.16E-11,
408,788,85,-53160,-3080,53.25,-2317,1,0.0064,1.39E-10,1.22E-10,9.10E-12,1.79E-11,
401,783,100,-51960,-2680,52.03,-2316.7,1,0.0064,1.82E-10,7.13E-11,8.14E-12,1.53E-11,
406,787,139,-48840,-3000,48.93,-2316.7,1,0.0064,1.26E-10,1.32E-10,7.69E-12,1.05E-11,
384,749,101,-51880,40,51.88,-2316.6,1,0.0064,1.23E-10,1.43E-10,3.67E-12,7.72E-12,
388,759,132,-49400,-760,49.41,-2316.5,1,0.0064,1.18E-10,2.26E-10,8.89E-12,1.24E-11,
410,793,138,-48920,-3480,49.04,-2316.2,1,0.0064,1.27E-10,1.17E-10,1.26E-11,1.64E-11,
397,777,149,-48040,-2200,48.09,-2314.9,1,0.0064,7.90E-11,5.55E-11,1.83E-11,1.24E-11,
400,781,141,-48680,-2520,48.75,-2313,1,0.0064,1.86E-10,2.98E-10,1.75E-11,1.64E-11,
411,797,114,-50840,-3800,50.98,-2312.3,1,0.0064,1.98E-10,1.19E-10,1.31E-11,2.58E-11,
383,748,117,-50600,120,50.6,-2312.2,1,0.0064,6.34E-11,2.14E-10,6.07E-12,8.57E-12,
389,763,88,-52920,-1080,52.93,-2311.4,1,0.0064,1.28E-10,2.27E-10,9.86E-12,9.40E-12,
419,805,132,-49400,-4440,49.6,-2310.4,1,0.0064,9.31E-11,1.13E-10,5.81E-12,8.68E-12,
412,797,131,-49480,-3800,49.63,-2310.1,1,0.0064,1.92E-10,2.42E-10,1.77E-11,1.78E-11,
421,808,113,-50920,-4680,51.13,-2309.6,1,0.0064,2.03E-10,9.10E-11,1.04E-11,2.48E-11,
413,798,154,-47640,-3880,47.8,-2308.2,1,0.0064,5.49E-11,1.31E-10,1.60E-11,5.00E-12,
415,800,142,-48600,-4040,48.77,-2306.3,1,0.0064,1.51E-10,1.79E-10,6.17E-12,1.01E-11,
407,788,69,-54440,-3080,54.53,-2306.1,1,0.0064,,,,,
405,786,154,-47640,-2920,47.73,-2305.4,1,0.0064,6.72E-11,1.18E-10,9.83E-12,7.91E-12,
793,1499,0,-59960,-59960,84.8,-2302.2,1,0.0064,5.03E-10,1.81E-10,1.03E-10,4.40E-11,
422,809,108,-51320,-4760,51.54,-2301.7,1,0.0064,1.07E-10,1.35E-10,7.68E-12,1.95E-11,
417,803,110,-51160,-4280,51.34,-2299.6,1,0.0064,8.20E-11,2.05E-10,4.23E-12,1.70E-11,
416,801,91,-52680,-4120,52.84,-2298.9,1,0.0064,1.14E-10,1.56E-10,9.54E-12,8.80E-12,
424,818,117,-50600,-5480,50.9,-2292.2,1,0.0064,1.02E-10,1.14E-10,4.73E-12,6.47E-12,
392,767,79,-53640,-1400,53.66,-2290.4,1,0.0064,,,,,
414,799,68,-54520,-3960,54.66,-2277.5,1,0.0064,6.78E-11,2.93E-10,7.91E-12,5.32E-12,
782,1489,8,-59320,-59160,83.78,-2269.9,1,0.0064,4.26E-11,7.88E-11,6.64E-12,4.93E-12,
780,1488,2,-59800,-59080,84.06,-2261.1,1,0.0064,2.14E-10,2.77E-10,6.67E-12,2.03E-11,
789,1495,10,-59160,-59640,84,-2256.7,1,0.0064,6.67E-11,1.54E-10,4.81E-12,6.90E-12,
432,1041,290,-36760,-23320,43.53,-2253.4,1,0.0064,5.24E-11,9.96E-11,1.51E-11,6.04E-12,
431,1036,395,-28360,-22920,36.46,-2250.9,1,0.0064,4.40E-10,2.06E-10,5.11E-11,6.82E-11,
433,1041,403,-27720,-23320,36.22,-2249.1,1,0.0064,2.46E-10,8.35E-11,4.09E-11,1.95E-11,
429,1035,404,-27640,-22840,35.86,-2229.8,1,0.0064,1.37E-10,2.07E-10,1.58E-11,1.31E-11,
453,1081,456,-23480,-26520,35.42,-2205.2,1,0.0064,8.26E-11,3.83E-11,1.28E-11,1.05E-11,
438,1056,422,-26200,-24520,35.88,-2197.9,1,0.0064,1.53E-10,8.54E-11,1.11E-11,1.55E-11,
41,138,216,-42680,48920,64.92,-2195.8,1,0.0064,3.97E-11,2.76E-10,1.78E-12,4.16E-12,
80,174,651,-7880,46040,46.71,-2014.7,1,0.0064,,,,,
250,283,75,-53960,37320,65.61,-2012.2,1,0.0064,1.92E-10,1.82E-10,4.24E-11,2.03E-11,
115,196,676,-5880,44280,44.67,-2002.4,1,0.0064,,,,,
57,157,638,-8920,47400,48.23,-1990.2,1,0.0064,,,,,
590,1244,18,-58520,-39560,70.64,-1987.8,1,0.0064,,,,,
428,998,349,-32040,-19880,37.71,-1984,1,0.0064,6.46E-11,5.34E-10,1.33E-11,8.04E-12,
748,1452,62,-55000,-56200,78.63,-1982.4,1,0.0064,8.15E-11,9.75E-11,8.51E-12,6.94E-12,
82,175,640,-8760,45960,46.79,-1981.8,1,0.0064,,,,,
96,185,660,-7160,45160,45.72,-1978.8,1,0.0064,,,,,
79,173,662,-7000,46120,46.65,-1978.3,1,0.0064,,,,,
68,166,637,-9000,46680,47.54,-1978,1,0.0064,,,,,
89,182,655,-7560,45400,46.03,-1976.8,1,0.0064,,,,,
95,185,650,-7960,45160,45.86,-1974.6,1,0.0064,,,,,
69,166,650,-7960,46680,47.35,-1971,1,0.0064,,,,,
31,128,633,-9320,49720,50.59,-1970.1,1,0.0064,5.77E-11,1.73E-10,6.45E-12,5.43E-12,
81,174,674,-6040,46040,46.43,-1969,1,0.0064,,,,,
33,130,643,-8520,49560,50.29,-1968.4,1,0.0064,,,,,
61,161,668,-6520,47080,47.53,-1964.1,1,0.0064,,,,,
774,1481,166,-46680,-58520,74.86,-1963.9,1,0.0064,8.45E-11,1.41E-10,9.17E-12,9.06E-12,
62,161,677,-5800,47080,47.44,-1960.5,1,0.0064,,,,,
281,305,74,-54040,35560,64.69,-1959.9,1,0.0064,1.65E-10,2.10E-10,1.96E-11,1.06E-11,
141,212,681,-5480,43000,43.35,-1958.2,1,0.0064,,,,,
764,1468,140,-48760,-57480,75.38,-1957.9,1,0.0064,6.35E-11,1.43E-10,9.64E-12,5.89E-12,
771,1480,149,-48040,-58440,75.65,-1956.2,1,0.0064,1.78E-10,1.63E-10,2.23E-11,1.93E-11,
42,138,655,-7560,48920,49.5,-1956,1,0.0064,,,,,
52,151,673,-6120,47880,48.27,-1954.8,1,0.0064,,,,,
251,283,116,-50680,37320,62.94,-1954.3,1,0.0064,3.87E-11,1.22E-10,4.09E-12,4.45E-12,
44,141,640,-8760,48680,49.46,-1951.5,1,0.0064,,,,,
765,1469,131,-49480,-57560,75.9,-1951.2,1,0.0064,5.66E-11,8.69E-11,4.91E-12,6.47E-12,
762,1466,151,-47880,-57320,74.69,-1949.5,1,0.0064,7.14E-11,7.95E-11,4.36E-12,3.21E-12,
56,156,689,-4840,47480,47.73,-1948,1,0.0064,,,,,
172,227,40,-56760,41800,70.49,-1947.7,1,0.0064,9.02E-11,5.05E-11,1.34E-11,1.08E-11,
784,1490,123,-50120,-59240,77.6,-1945.1,1,0.0064,1.25E-09,2.12E-10,9.13E-11,1.27E-10,
742,1442,159,-47240,-55400,72.81,-1944.2,1,0.0064,1.07E-10,8.78E-11,5.75E-12,1.93E-11,
278,304,102,-51800,35640,62.88,-1943.8,1,0.0064,6.30E-11,1.01E-10,1.35E-11,4.93E-12,
262,293,56,-55480,36520,66.42,-1943.3,1,0.0064,2.73E-10,8.87E-11,2.77E-11,2.12E-11,
274,302,58,-55320,35800,65.89,-1943.2,1,0.0064,4.28E-10,1.31E-10,1.07E-10,6.05E-11,
760,1465,162,-47000,-57240,74.06,-1942.6,1,0.0064,8.98E-11,1.46E-10,6.11E-12,1.17E-11,
756,1458,157,-47400,-56680,73.89,-1942.1,1,0.0064,2.42E-10,1.72E-10,2.70E-11,2.00E-11,
777,1484,88,-52920,-58760,79.08,-1941.7,1,0.0064,8.31E-11,1.54E-10,3.75E-12,6.05E-12,
796,1499,114,-50840,-59960,78.61,-1941.6,1,0.0064,4.75E-10,1.13E-10,5.09E-11,3.52E-11,
772,1481,54,-55640,-58520,80.75,-1941.3,1,0.0064,6.04E-10,1.19E-10,1.01E-11,7.82E-11,
794,1499,87,-53000,-59960,80.03,-1940.4,1,0.0064,4.51E-11,1.49E-10,3.93E-12,5.82E-12,
786,1491,144,-48440,-59320,76.59,-1939.2,1,0.0064,1.67E-10,1.25E-10,1.66E-11,1.69E-11,
753,1457,111,-51080,-56600,76.24,-1938.9,1,0.0064,4.97E-11,1.97E-10,4.62E-12,6.57E-12,
757,1459,140,-48760,-56760,74.83,-1938.9,1,0.0064,5.48E-11,7.44E-11,4.36E-12,4.95E-12,
755,1458,129,-49640,-56680,75.34,-1938.8,1,0.0064,1.24E-10,1.03E-10,6.24E-12,1.35E-11,
743,1445,151,-47880,-55640,73.41,-1938.2,1,0.0064,1.16E-10,6.39E-11,4.81E-12,1.00E-11,
783,1489,99,-52040,-59160,78.79,-1937.9,1,0.0064,3.56E-10,1.75E-10,3.37E-11,3.77E-11,
8,76,304,-35640,53880,64.6,-1937.4,1,0.0064,1.12E-10,5.29E-11,1.18E-11,7.12E-12,
740,1438,103,-51720,-55080,75.56,-1936.8,1,0.0064,3.18E-11,1.04E-10,4.50E-12,4.07E-12,
290,309,110,-51160,35240,62.12,-1936,1,0.0064,2.13E-10,1.46E-10,1.27E-11,2.12E-11,
736,1435,128,-49720,-54840,74.02,-1935.3,1,0.0064,6.84E-11,5.78E-11,7.76E-12,4.30E-12,
768,1476,101,-51880,-58120,77.91,-1935,1,0.0064,5.54E-11,2.78E-10,8.40E-12,6.65E-12,
770,1477,131,-49480,-58200,76.39,-1934.9,1,0.0064,8.22E-11,1.51E-10,5.45E-12,6.99E-12,
779,1487,69,-54440,-59000,80.28,-1934.6,1,0.0064,5.67E-11,1.72E-10,1.25E-12,5.00E-12,
788,1494,62,-55000,-59560,81.07,-1934.1,1,0.0064,2.40E-10,1.07E-10,2.15E-11,1.82E-11,
746,1447,134,-49240,-55800,74.42,-1933.1,1,0.0064,9.04E-11,9.74E-11,8.54E-12,7.18E-12,
781,1488,78,-53720,-59080,79.85,-1932.6,1,0.0064,1.17E-10,1.71E-10,7.20E-12,5.30E-12,
303,314,102,-51800,34840,62.43,-1931.9,1,0.0064,7.72E-11,1.78E-10,1.36E-11,5.44E-12,
750,1453,144,-48440,-56280,74.26,-1931.8,1,0.0064,4.03E-11,9.07E-11,3.59E-12,5.52E-12,
754,1457,150,-47960,-56600,74.19,-1931.7,1,0.0064,5.94E-11,1.22E-10,3.33E-12,6.10E-12,
733,1423,147,-48200,-53880,72.29,-1930.9,1,0.0064,5.50E-11,1.42E-10,2.32E-12,3.26E-12,
751,1455,122,-50200,-56440,75.53,-1930.7,1,0.0064,5.08E-11,6.60E-11,6.15E-12,5.85E-12,
293,310,55,-55560,35160,65.75,-1930.6,1,0.0064,8.47E-11,2.09E-10,1.45E-11,7.52E-12,
773,1481,112,-51000,-58520,77.62,-1930.6,1,0.0064,5.23E-11,2.30E-10,7.80E-12,1.15E-11,
735,1434,148,-48120,-54760,72.9,-1929.6,1,0.0064,4.80E-11,1.01E-10,7.50E-12,5.04E-12,
763,1468,122,-50200,-57480,76.32,-1929.6,1,0.0064,5.25E-11,1.53E-10,7.21E-12,5.81E-12,
283,305,96,-52280,35560,63.23,-1929.3,1,0.0064,1.52E-10,3.03E-10,2.74E-11,2.58E-11,
776,1482,141,-48680,-58600,76.18,-1929,1,0.0064,7.45E-11,1.36E-10,1.95E-12,7.07E-12,
778,1485,127,-49800,-58840,77.09,-1928.8,1,0.0064,1.63E-10,1.66E-10,1.76E-11,1.30E-11,
785,1490,155,-47560,-59240,75.97,-1928.8,1,0.0064,5.45E-11,1.99E-10,7.83E-12,4.05E-12,
744,1446,119,-50440,-55720,75.16,-1928,1,0.0064,9.40E-11,6.83E-11,7.08E-12,7.43E-12,
271,299,90,-52760,36040,63.89,-1927.4,1,0.0064,4.81E-11,1.40E-10,6.01E-12,3.73E-12,
220,262,67,-54600,39000,67.1,-1927.3,1,0.0064,1.09E-10,1.51E-10,1.67E-11,8.47E-12,
767,1473,169,-46440,-57880,74.21,-1927.2,1,0.0064,8.32E-11,1.31E-10,1.14E-11,1.07E-11,
268,298,48,-56120,36120,66.74,-1927.1,1,0.0064,8.29E-11,1.88E-10,1.06E-11,7.19E-12,
769,1477,122,-50200,-58200,76.86,-1927.1,1,0.0064,6.52E-11,2.47E-10,3.56E-12,6.99E-12,
737,1435,142,-48600,-54840,73.28,-1927,1,0.0064,7.17E-11,9.79E-11,1.09E-11,1.00E-11,
741,1439,135,-49160,-55160,73.89,-1926.6,1,0.0064,4.29E-11,1.50E-10,1.68E-12,4.76E-12,
752,1457,104,-51640,-56600,76.62,-1925.9,1,0.0064,9.38E-11,8.09E-11,2.14E-11,1.52E-11,
302,314,70,-54360,34840,64.57,-1925.7,1,0.0064,5.28E-11,1.15E-10,7.76E-12,5.79E-12,
257,288,49,-56040,36920,67.11,-1925.5,1,0.0064,2.65E-10,1.65E-10,5.93E-11,1.56E-11,
792,1498,100,-51960,-59880,79.28,-1924.9,1,0.0064,9.69E-11,1.29E-10,1.14E-11,3.91E-12,
225,266,23,-58120,38680,69.81,-1924.7,1,0.0064,2.58E-10,1.72E-10,2.22E-11,4.58E-11,
747,1451,98,-52120,-56120,76.59,-1924.6,1,0.0064,2.82E-11,8.13E-11,2.34E-12,4.47E-12,
795,1499,107,-51400,-59960,78.98,-1924.1,1,0.0064,7.82E-11,2.52E-10,9.21E-12,7.11E-12,
766,1473,85,-53160,-57880,78.59,-1923.8,1,0.0064,1.73E-10,1.14E-10,7.27E-12,1.97E-11,
236,274,67,-54600,38040,66.54,-1923.6,1,0.0064,3.10E-10,7.87E-11,3.54E-11,3.44E-11,
738,1436,112,-51000,-54920,74.95,-1923.6,1,0.0064,2.55E-10,5.34E-11,5.88E-12,2.63E-11,
253,285,100,-51960,37160,63.88,-1923.3,1,0.0064,6.78E-11,1.19E-10,1.76E-11,1.22E-11,
745,1447,110,-51160,-55800,75.7,-1923.2,1,0.0064,1.01E-10,8.08E-11,1.39E-11,9.90E-12,
282,305,89,-52840,35560,63.69,-1921.8,1,0.0064,2.74E-11,1.54E-10,3.00E-12,3.47E-12,
265,296,100,-51960,36280,63.37,-1921.3,1,0.0064,3.37E-11,1.03E-10,4.52E-12,4.96E-12,
775,1482,77,-53800,-58600,79.55,-1921.3,1,0.0064,7.34E-11,1.43E-10,7.35E-12,8.23E-12,
787,1492,171,-46280,-59400,75.3,-1920.8,1,0.0064,9.40E-11,1.54E-10,6.74E-12,1.01E-11,
264,294,69,-54440,36440,65.51,-1919.5,1,0.0064,1.10E-10,1.11E-10,1.66E-11,1.41E-11,
761,1466,108,-51320,-57320,76.94,-1919,1,0.0064,7.62E-11,2.59E-10,2.00E-12,1.15E-11,
791,1497,182,-45400,-59800,75.08,-1918.8,1,0.0064,6.13E-11,1.07E-10,3.35E-12,6.17E-12,
310,321,28,-57720,34280,67.13,-1918.3,1,0.0064,2.65E-10,1.87E-10,8.32E-11,5.19E-11,
448,1071,1364,49160,-25720,55.48,-1915.8,1,0.0064,5.36E-10,1.85E-10,1.12E-10,1.16E-10,
381,458,584,-13240,23320,26.82,-1915.4,1,0.0064,3.32E-10,3.53E-10,1.87E-11,1.00E-11,
739,1437,122,-50200,-55000,74.47,-1915.3,1,0.0064,3.54E-11,1.77E-10,3.74E-12,3.92E-12,
759,1465,86,-53080,-57240,78.06,-1914.8,1,0.0064,6.84E-11,2.08E-10,3.55E-12,3.64E-12,
249,283,56,-55480,37320,66.86,-1914.2,1,0.0064,1.29E-10,2.08E-10,2.43E-11,1.99E-11,
255,286,89,-52840,37080,64.55,-1913.7,1,0.0064,7.87E-11,1.41E-10,5.44E-12,5.90E-12,
732,1415,138,-48920,-53240,72.3,-1913.6,1,0.0064,2.01E-11,4.44E-11,1.02E-12,2.66E-12,
758,1464,97,-52200,-57160,77.41,-1913.2,1,0.0064,8.13E-11,1.70E-10,1.66E-12,6.95E-12,
190,238,16,-58680,40920,71.54,-1911.8,1,0.0064,1.68E-10,1.45E-10,3.97E-11,3.60E-11,
222,263,53,-55720,38920,67.97,-1911.1,1,0.0064,1.08E-10,1.55E-10,1.56E-11,8.31E-12,
734,1425,111,-51080,-54040,74.36,-1910.2,1,0.0064,1.29E-10,6.35E-11,1.88E-11,1.61E-11,
730,1383,76,-53880,-50680,73.97,-1908.9,1,0.0064,5.21E-11,1.37E-10,5.53E-12,9.55E-12,
729,1376,0,-59960,-50120,78.15,-1908.3,1,0.0064,3.28E-11,9.06E-11,1.76E-12,3.36E-12,
208,251,94,-52440,39880,65.88,-1908.1,1,0.0064,2.87E-11,1.48E-10,3.32E-12,1.91E-12,
237,274,79,-53640,38040,65.76,-1906.5,1,0.0064,2.58E-10,1.86E-10,3.88E-11,2.63E-11,
232,272,92,-52600,38200,65.01,-1906.4,1,0.0064,4.69E-11,1.65E-10,7.43E-12,5.76E-12,
560,1225,22,-58200,-38040,69.53,-1906.4,1,0.0064,4.74E-11,1.49E-10,6.09E-12,7.83E-12,
553,1218,26,-57880,-37480,68.96,-1906.3,1,0.0064,4.14E-11,8.87E-11,2.66E-12,3.15E-12,
218,261,80,-53560,39080,66.3,-1905,1,0.0064,1.31E-10,1.26E-10,2.07E-11,9.68E-12,
790,1497,49,-56040,-59800,81.95,-1903.7,1,0.0064,5.09E-11,1.40E-10,6.03E-12,6.77E-12,
243,279,85,-53160,37640,65.14,-1903,1,0.0064,1.05E-10,1.85E-10,1.65E-11,8.08E-12,
207,251,18,-58520,39880,70.82,-1901.9,1,0.0064,9.28E-11,1.81E-10,6.40E-12,6.39E-12,
568,1229,32,-57400,-38360,69.04,-1901.5,1,0.0064,1.04E-10,9.14E-11,8.42E-12,8.29E-12,
233,273,58,-55320,38120,67.18,-1900.9,1,0.0064,6.54E-11,1.66E-10,4.85E-12,5.19E-12,
217,259,87,-53000,39240,65.95,-1900.5,1,0.0064,2.93E-11,1.39E-10,4.20E-12,2.99E-12,
202,246,83,-53320,40280,66.82,-1900.3,1,0.0064,4.38E-11,1.13E-10,9.48E-12,3.95E-12,
575,1235,0,-59960,-38840,71.44,-1898.4,1,0.0064,,,,,
197,243,78,-53720,40520,67.29,-1896.9,1,0.0064,6.37E-11,1.66E-10,4.14E-12,8.88E-12,
200,245,11,-59080,40360,71.55,-1895.8,1,0.0064,7.82E-11,2.32E-10,1.05E-11,9.59E-12,
749,1452,177,-45800,-56200,72.5,-1895.1,1,0.0064,3.95E-11,8.56E-11,3.13E-12,1.73E-12,
569,1231,6,-59480,-38520,70.86,-1894.9,1,0.0064,,,,,
189,238,1,-59880,40920,72.53,-1893.1,1,0.0064,1.52E-10,2.40E-10,3.93E-11,2.02E-11,
179,231,11,-59080,41480,72.19,-1893,1,0.0064,1.35E-10,1.98E-10,5.19E-12,1.48E-11,
139,211,14,-58840,43080,72.92,-1892.9,1,0.0064,9.12E-11,1.94E-10,9.24E-12,7.75E-12,
19,109,675,-5960,51240,51.59,-1888.5,1,0.0064,,,,,
542,1207,7,-59400,-36600,69.77,-1888.5,1,0.0064,4.30E-11,2.60E-10,3.71E-12,4.71E-12,
543,1207,21,-58280,-36600,68.82,-1887.1,1,0.0064,8.14E-11,1.15E-10,4.59E-12,6.44E-12,
552,1218,0,-59960,-37480,70.71,-1881.1,1,0.0064,,,,,
451,1078,1419,53560,-26280,59.66,-1871.6,1,0.0064,7.94E-11,2.15E-10,5.30E-12,9.57E-12,
612,1258,19,-58440,-40680,71.2,-1871.5,1,0.0064,,,,,
379,428,598,-12120,25720,28.43,-1871.2,1,0.0064,,,,,
515,1189,1,-59880,-35160,69.44,-1870.1,1,0.0064,3.65E-11,1.29E-10,2.49E-12,2.44E-12,
517,1191,7,-59400,-35320,69.11,-1869.4,1,0.0064,2.70E-11,1.02E-10,2.18E-12,2.27E-12,
604,1254,0,-59960,-40360,72.28,-1868.8,1,0.0064,,,,,
620,1263,9,-59240,-41080,72.09,-1868,1,0.0064,,,,,
7,64,4,-59640,54840,81.02,-1867.8,1,0.0064,4.82E-10,1.43E-11,8.60E-11,4.01E-11,
6,56,7,-59400,55480,81.28,-1863.2,1,0.0064,4.87E-10,1.01E-10,3.38E-11,7.33E-11,
