crater_id,center_row,center_col,x_polar_m,y_polar_m,dist_from_pole_km,elevation_m,size_pixels,area_km2,VOL,ODD,EVN,HELIX
38,137,90,-52760.0,49000.0,72.0,-4378.0,1,0.0064,9.625449742811654e-11,1.7519165285140303e-10,5.492955049146708e-12,6.370383821147074e-12
32,129,1277,42200.0,49640.0,65.15,-4152.9,1,0.0064,9.046393495415471e-11,1.3935690101885e-10,6.058411584908274e-12,1.7955577996664474e-11
78,171,1263,41080.0,46280.0,61.88,-3970.3,1,0.0064,9.768622022399144e-11,7.862107492817572e-11,1.5609043571562786e-11,9.974887235641994e-12
88,181,1144,31560.0,45480.0,55.36,-3961.1,1,0.0064,6.984912648277941e-11,1.0464874800053535e-10,3.895814660453967e-12,8.886120138329456e-12
145,214,1154,32360.0,42840.0,53.69,-3942.8,1,0.0064,6.369995503296977e-11,1.1655811038568942e-10,9.782380634704158e-12,1.7867408941274476e-11
93,183,1229,38360.0,45320.0,59.38,-3942.2,1,0.0064,8.25758489364503e-11,7.953891018042114e-11,9.148719976037611e-12,1.1343874624369919e-11
137,210,1164,33160.0,43160.0,54.43,-3937.9,1,0.0064,8.600514050938202e-11,1.0871071404183752e-10,5.391195302684171e-12,7.749238750687226e-12
187,237,1138,31080.0,41000.0,51.45,-3932.9,1,0.0064,5.2687125495776144e-11,1.3232913376182154e-10,1.0261290081525765e-11,1.2178803972251462e-11
123,202,1161,32920.0,43800.0,54.79,-3932.1,1,0.0064,7.935169882289371e-11,1.0856316540186484e-10,3.060699697160496e-12,1.2773843614810598e-11
192,239,1124,29960.0,40840.0,50.65,-3928.3,1,0.0064,5.437489347670521e-11,1.2654174930126771e-10,4.209940122207323e-12,1.1608249084194e-11
120,200,1183,34680.0,43960.0,55.99,-3927.6,1,0.0064,7.216310188296049e-11,1.1551977430190874e-10,1.4492905139884547e-11,1.2995516988911769e-11
85,179,1243,39480.0,45640.0,60.35,-3927.4,1,0.0064,6.992733475597035e-11,9.899817077219096e-11,5.235544203036069e-12,1.0619540836975803e-11
55,155,1270,41640.0,47560.0,63.21,-3925.7,1,0.0064,1.2119162617896248e-10,4.087711766298519e-11,1.1985961702321024e-11,7.591909739756986e-12
127,204,1204,36360.0,43640.0,56.8,-3924.2,1,0.0064,4.426559813142106e-11,9.441880610694398e-11,1.1053816716122268e-11,1.2513217892418103e-11
83,177,1182,34600.0,45800.0,57.4,-3923.9,1,0.0064,1.1551478523719183e-10,7.991402678486637e-11,1.4927011016130365e-11,8.353427324858664e-12
100,186,1218,37480.0,45080.0,58.63,-3921.2,1,0.0064,1.0447646220379524e-10,5.563132246533264e-11,6.308559143824999e-12,1.2003204853672234e-11
136,209,1146,31720.0,43240.0,53.63,-3920.2,1,0.0064,6.372554567368738e-11,1.1036564023791939e-10,6.468249547086913e-12,3.782926662893038e-12
71,167,1251,40120.0,46600.0,61.49,-3919.9,1,0.0064,6.482975267729785e-11,6.520139983479112e-11,7.742848029401728e-12,5.720084128579828e-12
105,188,1209,36760.0,44920.0,58.04,-3919.5,1,0.0064,7.420857678352988e-11,5.7210371856575286e-11,9.412128194885572e-12,8.387968271350577e-12
143,213,1189,35160.0,42920.0,55.48,-3919.2,1,0.0064,6.347387199179266e-11,9.603996764528944e-11,8.881720879594379e-12,4.485860467806635e-12
74,169,1207,36600.0,46440.0,59.13,-3919.1,1,0.0064,7.397901041761301e-11,7.415530689502958e-11,3.9447451381791065e-12,1.1057134374770072e-11
94,184,1176,34120.0,45240.0,56.66,-3918.6,1,0.0064,1.0777823078456096e-10,1.1750701800483654e-10,3.450883025515883e-12,1.1310664210784084e-11
126,204,1139,31160.0,43640.0,53.62,-3917.7,1,0.0064,9.24096077437042e-11,1.1403560734590812e-10,4.440541684358479e-12,1.7147876868461864e-11
97,185,1185,34840.0,45160.0,57.04,-3917.0,1,0.0064,1.0735670685768639e-10,1.2351852873848657e-10,8.158151237891431e-12,8.066372222947926e-12
152,218,1175,34040.0,42520.0,54.47,-3915.0,1,0.0064,9.718096466437841e-11,1.7395816731546887e-10,3.812439947070701e-12,1.0885520783376899e-11
169,225,1143,31480.0,41960.0,52.46,-3913.8,1,0.0064,6.545684133607566e-11,1.423683532175701e-10,9.033327037777372e-12,7.1771789900143546e-12
73,169,1187,35000.0,46440.0,58.15,-3911.8,1,0.0064,7.730861784072117e-11,1.0820168372394079e-10,5.129509664247856e-12,8.084631922256058e-12
99,186,1167,33400.0,45080.0,56.1,-3911.1,1,0.0064,6.272295877129963e-11,1.0220303769958859e-10,7.576481976523386e-12,6.096791474452523e-12
92,183,1160,32840.0,45320.0,55.97,-3910.7,1,0.0064,5.833955540879288e-11,6.740961955298275e-11,5.75364192054173e-12,3.9570863946680745e-12
54,154,1255,40440.0,47640.0,62.49,-3909.5,1,0.0064,1.0552808626940191e-10,8.463334200126127e-11,9.607012234347234e-12,1.1167220793917298e-11
75,170,1163,33080.0,46360.0,56.95,-3909.3,1,0.0064,6.777694377957387e-11,1.0747965017987582e-10,5.691400475904551e-12,8.29270593166731e-12
53,152,1240,39240.0,47800.0,61.84,-3908.2,1,0.0064,1.5245839313227094e-10,5.918605189281223e-11,2.3539595619959108e-11,1.3425230545316412e-11
65,163,1186,34920.0,46920.0,58.49,-3907.7,1,0.0064,5.646844450368782e-11,7.177036742689323e-11,5.305251030152114e-12,6.857567031587353e-12
133,207,1175,34040.0,43400.0,55.16,-3906.0,1,0.0064,5.088465412916854e-11,1.201084787183504e-10,6.445489975082097e-12,5.735086450880944e-12
58,158,1247,39800.0,47320.0,61.83,-3905.9,1,0.0064,8.941796608707975e-11,9.883739660043743e-11,1.8517711235926937e-12,7.949579362842574e-12
76,170,1223,37880.0,46360.0,59.87,-3905.7,1,0.0064,1.7084469949857348e-10,1.9022712571814535e-10,1.7525493209435972e-11,1.9273587933965608e-11
67,164,1162,33000.0,46840.0,57.3,-3903.6,1,0.0064,1.811747973867739e-10,5.387769050346769e-11,2.962337189785225e-12,1.19245377461219e-11
70,166,1233,38680.0,46680.0,60.62,-3902.2,1,0.0064,6.330883040028823e-11,8.09913802690687e-11,7.0608224128632094e-12,9.075533727309626e-12
51,149,1257,40600.0,48040.0,62.9,-3901.9,1,0.0064,6.028294530224798e-11,7.577524718804796e-11,3.230213839466867e-12,4.082472207511678e-12
159,222,1128,30280.0,42200.0,51.94,-3901.2,1,0.0064,8.001806162116765e-11,8.500625203744505e-11,4.98717278411831e-13,9.469301211206815e-12
40,137,1252,40200.0,49000.0,63.38,-3899.1,1,0.0064,8.814063368056678e-11,5.924240958909975e-11,8.208414850607859e-12,8.571728396522538e-12
106,189,1198,35880.0,44840.0,57.43,-3898.3,1,0.0064,6.480883885107147e-11,8.976296789198202e-11,3.423545735098399e-12,5.2266632862008056e-12
63,161,1194,35560.0,47080.0,59.0,-3898.2,1,0.0064,7.72972727491883e-11,1.6378734479793875e-10,7.1978369445280236e-12,6.555676574510061e-12
64,162,1228,38280.0,47000.0,60.62,-3898.1,1,0.0064,1.4848189344718318e-10,3.468255960203948e-10,7.371812361933738e-12,1.4243104959343889e-11
109,191,1177,34200.0,44680.0,56.27,-3897.2,1,0.0064,7.44423203635769e-11,1.8790377587230006e-10,9.882592140464386e-12,1.0778142267575674e-11
112,195,1134,30760.0,44360.0,53.98,-3895.9,1,0.0064,5.956450610522522e-11,1.1815895484268424e-10,3.245266685589221e-12,3.524291969370097e-12
104,187,1350,48040.0,45000.0,65.82,-3894.7,1,0.0064,5.138034789298196e-11,5.550207862747847e-11,8.00270266720915e-12,7.251458981893943e-12
49,147,1248,39880.0,48200.0,62.56,-3891.3,1,0.0064,8.330066497697075e-11,1.5582765633403994e-10,4.3704124520760335e-12,6.313328332341328e-12
212,256,1387,51000.0,39480.0,64.5,-3885.9,1,0.0064,6.924232021088271e-11,1.490521039926307e-10,9.045451887512712e-12,8.154705209706403e-12
36,133,1244,39560.0,49320.0,63.23,-3885.7,1,0.0064,1.2071443844519078e-10,1.64107075151243e-10,7.599588493223397e-12,1.1032884675299393e-11
48,145,1203,36280.0,48360.0,60.46,-3884.9,1,0.0064,8.785466104610505e-11,1.400620869285163e-10,7.040937277658088e-12,6.583148956518237e-12
30,126,1248,39880.0,49880.0,63.86,-3881.6,1,0.0064,6.076537190091713e-11,1.2588911857402962e-10,4.646648083667104e-12,5.376780184279673e-12
228,267,1399,51960.0,38600.0,64.73,-3877.2,1,0.0064,6.426630061451277e-11,1.0355563628827723e-10,4.56201352735941e-12,5.500560076865391e-12
50,149,1229,38360.0,48040.0,61.48,-3877.0,1,0.0064,9.27368737357881e-11,1.869030069601152e-10,4.303342404643473e-12,9.27120619859112e-12
47,144,1294,43560.0,48440.0,65.15,-3875.9,1,0.0064,5.925886170654593e-11,1.0170974479306594e-10,7.693043251044696e-12,9.160737272917439e-12
15,105,1236,38920.0,51560.0,64.6,-3874.2,1,0.0064,4.3393847543038426e-11,1.4878592802247678e-10,1.4347984605977969e-11,1.5865449579099966e-11
43,139,1199,35960.0,48840.0,60.65,-3873.2,1,0.0064,7.386338068959829e-11,1.2990930553513635e-10,8.615471183692769e-12,3.360286658302125e-12
46,143,1217,37400.0,48520.0,61.26,-3871.6,1,0.0064,6.932852208985095e-11,1.5439287348595343e-10,4.864567516166263e-12,5.302132431023177e-12
240,275,1403,52280.0,37960.0,64.61,-3871.6,1,0.0064,3.410015325666649e-11,4.938333769688441e-11,3.850413043959833e-12,3.2167818755923787e-12
45,142,1237,39000.0,48600.0,62.31,-3870.7,1,0.0064,5.8198029728728784e-11,1.5381282358895018e-10,4.505141051880379e-12,5.657321399538118e-12
39,137,1227,38200.0,49000.0,62.13,-3867.4,1,0.0064,5.938842473351967e-11,1.4507976764388528e-10,3.138613717881822e-12,4.252297732681987e-12
34,130,1212,37000.0,49560.0,61.85,-3865.4,1,0.0064,8.75913785947091e-11,1.086669851324551e-10,2.999104870698988e-12,1.2297399210048354e-11
196,242,1390,51240.0,40600.0,65.38,-3862.9,1,0.0064,4.774616813030264e-11,1.1663937871109198e-10,2.384290247875453e-12,3.922183324650552e-12
28,124,1212,37000.0,50040.0,62.23,-3851.2,1,0.0064,6.318014167394637e-11,1.6985989004236754e-10,4.316663346215499e-12,5.0534602544227694e-12
37,134,1181,34520.0,49240.0,60.13,-3848.4,1,0.0064,7.058079815047691e-11,1.0643402825749604e-10,1.7741858329700655e-11,1.2136951166308307e-11
17,106,1221,37720.0,51480.0,63.82,-3841.8,1,0.0064,1.048395398273172e-10,1.1255166243451241e-10,1.2950399433386828e-11,1.120722091518811e-11
59,159,1328,46280.0,47240.0,66.13,-3839.9,1,0.0064,5.946512726673348e-11,1.2736744992025706e-10,3.829604168503753e-12,6.0379062860604896e-12
25,122,1201,36120.0,50200.0,61.84,-3838.3,1,0.0064,7.242977745347545e-11,2.2127452647957566e-10,1.9452776195416632e-11,5.61931621026468e-12
11,95,1262,41000.0,52360.0,66.5,-3836.7,1,0.0064,6.388436307736001e-11,1.3597475922999536e-10,6.1643771684383175e-12,1.5572690706400216e-11
35,131,1190,35240.0,49480.0,60.75,-3835.5,1,0.0064,8.407312346303542e-11,8.849015270540049e-11,5.165961408648556e-12,7.531617690625936e-12
21,117,1226,38120.0,50600.0,63.35,-3835.2,1,0.0064,6.538006247502892e-11,1.7687706854729868e-10,5.8883943727938695e-12,9.296132440217429e-12
12,96,1248,39880.0,52280.0,65.75,-3834.1,1,0.0064,8.632465575697522e-11,9.454447641443764e-11,7.1098053659734975e-12,1.6201784705516253e-11
24,121,1192,35400.0,50280.0,61.49,-3830.9,1,0.0064,8.496381376232874e-11,9.936473172045268e-11,1.0486199582271372e-11,8.279626984020183e-12
26,123,1305,44440.0,50120.0,66.98,-3828.8,1,0.0064,1.1743808703279512e-10,6.61717208805257e-11,1.6150468115649907e-11,1.617087887206825e-11
18,108,1199,35960.0,51320.0,62.66,-3824.8,1,0.0064,6.898351334605479e-11,3.631480394172826e-10,1.5052839183460343e-11,6.450304266408802e-12
158,221,1410,52840.0,42280.0,67.67,-3812.2,1,0.0064,6.110343481191549e-11,1.6137496894330638e-10,1.7937341065601964e-12,1.0706163386386967e-11
27,123,1314,45160.0,50120.0,67.46,-3808.2,1,0.0064,1.0087074231446279e-10,8.00724903049499e-11,1.2421257598871359e-11,8.805057377658798e-12
3,0,754,360.0,59960.0,59.96,-3804.8,1,0.0064,3.03799034540031e-11,2.2587515191574422e-11,2.139710067114442e-12,2.535190807284593e-12
22,117,1314,45160.0,50600.0,67.82,-3789.9,1,0.0064,8.999458817049444e-11,8.713653409930801e-11,7.906690926984261e-12,9.01158314636774e-12
16,105,1304,44360.0,51560.0,68.02,-3779.4,1,0.0064,7.338654683941569e-11,1.6327739160715282e-10,6.868746890709154e-12,5.80213264586571e-12
23,120,1323,45880.0,50360.0,68.13,-3777.3,1,0.0064,8.436156634372692e-11,8.765479314609692e-11,7.758458805962043e-12,7.567216818438194e-12
29,125,1330,46440.0,49960.0,68.21,-3771.1,1,0.0064,5.829299543069766e-11,9.60754115153506e-11,1.0830064275935136e-11,1.1387804761675556e-11
4,0,781,2520.0,59960.0,60.01,-3760.4,1,0.0064,3.2826644180694586e-11,2.868178784753983e-11,2.179152908468596e-12,4.9064797363884685e-12
20,113,1329,46360.0,50920.0,68.86,-3751.3,1,0.0064,5.5241165808350694e-11,5.71165337248658e-11,7.518963750230423e-12,7.476099600500774e-12
13,101,1324,45960.0,51880.0,69.31,-3746.6,1,0.0064,1.0784763360138784e-10,1.4416623450586028e-10,8.668214583618106e-12,9.134013857770018e-12
10,93,1308,44680.0,52520.0,68.95,-3728.5,1,0.0064,8.805824125435179e-11,6.443286876267607e-11,3.66703325690998e-12,5.713452280731168e-12
14,104,1334,46760.0,51640.0,69.66,-3727.8,1,0.0064,6.565854110407443e-11,9.023166935850924e-11,4.174321045075091e-12,1.0503792280402989e-11
87,179,1402,52200.0,45640.0,69.34,-3724.7,1,0.0064,7.114218242287862e-11,1.4341068610423946e-10,4.095902436662691e-12,6.303488547104719e-12
2,0,680,-5560.0,59960.0,60.22,-3129.1,1,0.0064,3.9114649019733605e-11,9.527864608394053e-11,3.7602278929460547e-11,7.306053331768148e-12
1,0,630,-9560.0,59960.0,60.72,-3034.2,1,0.0064,4.8694749621436266e-11,1.217728695657172e-10,5.6430637072890636e-12,4.749664637287987e-12
728,1373,423,-26120.0,-49880.0,56.31,-3027.1,1,0.0064,9.895995134456824e-11,2.19448015315038e-10,9.96967178951147e-12,9.704184504577553e-12
513,1186,403,-27720.0,-34920.0,44.58,-2981.1,1,0.0064,3.5871441927959324e-10,1.7000741092676463e-10,5.938002867189596e-11,5.345287407143573e-11
707,1342,450,-23960.0,-47400.0,53.11,-2963.5,1,0.0064,7.905701787658259e-11,1.6117300549733926e-10,9.38658612642529e-12,7.715111535744335e-12
720,1357,425,-25960.0,-48600.0,55.1,-2959.3,1,0.0064,1.0469933947598875e-10,2.0036343417739744e-10,1.1932961563321244e-11,9.469149422902667e-12
571,1231,428,-25720.0,-38520.0,46.32,-2956.3,1,0.0064,2.971129176021492e-10,1.1875278538298062e-10,1.5312028034397684e-10,4.956060908889448e-11
714,1351,445,-24360.0,-48120.0,53.93,-2955.7,1,0.0064,5.851803763778918e-11,1.5221654492414416e-10,1.869148412436683e-11,1.4491015158657472e-11
712,1347,488,-20920.0,-47800.0,52.18,-2952.3,1,0.0064,4.432967326550852e-10,1.4182861829414859e-10,3.7628920812604605e-11,2.220328781943337e-11
548,1214,431,-25480.0,-37160.0,45.06,-2949.5,1,0.0064,2.6968647801051127e-11,1.3109063834448875e-10,2.5741858731415097e-12,2.5836108426269266e-12
559,1224,344,-32440.0,-37960.0,49.93,-2946.0,1,0.0064,9.466058492613172e-11,8.839289022954944e-11,3.93685049837611e-11,1.2192246344466806e-11
727,1372,395,-28360.0,-49800.0,57.31,-2945.7,1,0.0064,1.2833044349402909e-10,2.2332474758357532e-10,1.7179870373529305e-11,1.7030555785058077e-11
567,1228,446,-24280.0,-38280.0,45.33,-2942.3,1,0.0064,2.9936003675956613e-10,1.2044364117169692e-10,9.824627916765748e-11,2.7317422629513644e-11
647,1290,530,-17560.0,-43240.0,46.67,-2938.2,1,0.0064,5.666478397614583e-11,1.4612969168048548e-10,2.9184495532047494e-12,7.376859539887093e-12
582,1237,435,-25160.0,-39000.0,46.41,-2937.4,1,0.0064,2.3207215316123356e-10,1.9124375694179463e-10,3.1824879537234445e-11,2.9629586978385796e-11
624,1267,332,-33400.0,-41400.0,53.19,-2936.9,1,0.0064,2.2803571531060382e-10,1.0290717583627539e-10,2.0718581364431717e-11,2.1692017973529157e-11
675,1316,451,-23880.0,-45320.0,51.23,-2936.9,1,0.0064,6.841216482200707e-11,2.0019330637666144e-10,7.385421267602776e-12,7.931399460814337e-12
519,1191,419,-26440.0,-35320.0,44.12,-2936.7,1,0.0064,9.267571432491906e-11,6.186164080990153e-11,1.0201196658232714e-11,1.1987319990802714e-11
641,1284,361,-31080.0,-42760.0,52.86,-2936.2,1,0.0064,4.5975494245009685e-11,1.26644195130865e-10,1.4368070969106306e-11,6.891608377718184e-12
583,1238,372,-30200.0,-39080.0,49.39,-2935.4,1,0.0064,8.279914254227805e-11,6.646015682232331e-11,1.893092800575591e-11,1.1527623473839288e-11
721,1357,464,-22840.0,-48600.0,53.7,-2934.5,1,0.0064,4.4125172266040735e-11,1.5168463707304622e-10,2.4385840569074446e-11,1.2927956448416378e-11
680,1320,395,-28360.0,-45640.0,53.73,-2934.0,1,0.0064,6.578933231526918e-11,1.3691058009523968e-10,1.2766767677752087e-11,7.093416132253338e-12
645,1288,372,-30200.0,-43080.0,52.61,-2933.8,1,0.0064,2.33741914712482e-10,1.4479058230154607e-10,5.910964079314239e-11,2.022823054892431e-11
717,1354,486,-21080.0,-48360.0,52.75,-2933.5,1,0.0064,3.4788624758697035e-10,2.4216698091272804e-10,1.266891886536614e-11,4.407666245875852e-11
655,1297,500,-19960.0,-43800.0,48.13,-2933.0,1,0.0064,3.127292522164815e-11,1.5473562708923083e-10,8.485763307308769e-12,2.2389853859827724e-11
599,1251,326,-33880.0,-40120.0,52.51,-2932.3,1,0.0064,2.4215843219543837e-10,5.998457980327386e-11,1.5045570692096e-11,2.505226061322308e-11
591,1245,414,-26840.0,-39640.0,47.87,-2931.8,1,0.0064,1.7169003718731088e-10,1.3467449377913001e-10,5.2484239176919794e-11,2.5966201411264933e-11
685,1324,406,-27480.0,-45960.0,53.55,-2931.4,1,0.0064,1.0577704684378019e-10,1.2340511945652108e-10,1.809254655815717e-11,1.3473643208083974e-11
584,1238,378,-29720.0,-39080.0,49.1,-2930.6,1,0.0064,1.635496460483665e-10,9.996124067379596e-11,5.622123600002027e-11,1.6007320469135777e-11
715,1353,476,-21880.0,-48280.0,53.01,-2930.1,1,0.0064,1.0518520082714031e-10,1.486841483266943e-10,1.521311895902322e-11,1.0207452938448824e-11
671,1313,379,-29640.0,-45080.0,53.95,-2929.3,1,0.0064,4.4133644655497406e-11,8.79648229257235e-11,4.498512673478672e-12,4.9118643180579005e-12
640,1281,510,-19160.0,-42520.0,46.64,-2928.6,1,0.0064,4.4842411034418106e-11,1.3054377023813402e-10,1.1249826591119838e-11,8.853416263998604e-12
602,1253,397,-28200.0,-40280.0,49.17,-2926.3,1,0.0064,2.6951110787543087e-10,3.144794147313945e-11,9.693489066986416e-11,3.751118513029006e-11
616,1261,380,-29560.0,-40920.0,50.48,-2926.3,1,0.0064,2.1781111636531847e-10,1.0792582799679096e-10,5.122663404577565e-11,2.865893286574384e-11
556,1219,376,-29880.0,-37560.0,48.0,-2925.9,1,0.0064,7.299492260637308e-11,1.8453809313978556e-10,1.3982585922445168e-11,7.028525764868343e-12
722,1360,478,-21720.0,-48840.0,53.45,-2924.0,1,0.0064,1.1307405706206808e-10,1.4248333068955787e-10,6.281286255016561e-12,1.7134751950642624e-11
618,1262,391,-28680.0,-41000.0,50.04,-2922.9,1,0.0064,8.472765544720318e-11,1.9023384256744438e-10,1.0816882979602926e-11,1.2586722462903932e-11
706,1342,423,-26120.0,-47400.0,54.12,-2922.4,1,0.0064,7.101955135091487e-11,1.9722791455567543e-10,1.6122381207850367e-11,7.848266307675099e-12
551,1217,351,-31880.0,-37400.0,49.14,-2922.1,1,0.0064,9.662670663601601e-11,7.878724755938649e-11,4.219907756564112e-11,1.2842372998367324e-11
661,1303,526,-17880.0,-44280.0,47.75,-2921.9,1,0.0064,8.731339956602469e-11,1.807685806598513e-10,1.1057405858994064e-11,9.011594422070336e-12
531,1202,412,-27000.0,-36200.0,45.16,-2920.6,1,0.0064,5.0342358753896477e-11,9.411892099020491e-11,1.6131884023051768e-11,6.219565661103044e-12
592,1246,406,-27480.0,-39720.0,48.3,-2920.5,1,0.0064,8.191735484386342e-11,1.0403580080753372e-10,1.6779858752480337e-11,1.0447461472329334e-11
562,1225,391,-28680.0,-38040.0,47.64,-2920.2,1,0.0064,6.041557532032725e-11,1.3894058126240338e-10,8.967738877874165e-12,5.719792695035864e-12
586,1239,404,-27640.0,-39160.0,47.93,-2918.7,1,0.0064,9.949417678623007e-11,1.2957777906219548e-10,1.3483731492458516e-11,1.237091765832199e-11
654,1295,521,-18280.0,-43640.0,47.31,-2918.2,1,0.0064,4.544290291286224e-11,1.1706770275399236e-10,1.1211917678999315e-11,7.654267844547924e-12
609,1257,372,-30200.0,-40600.0,50.6,-2917.5,1,0.0064,5.764935057106513e-11,1.6594010887605035e-10,9.168475006982035e-12,6.837141096338595e-12
646,1289,392,-28600.0,-43160.0,51.78,-2917.5,1,0.0064,1.3203917126336506e-10,1.340241528868802e-10,3.413250931894041e-11,2.084386309386677e-11
702,1338,413,-26920.0,-47080.0,54.23,-2917.4,1,0.0064,2.0304358194778158e-10,1.8811704971533058e-10,3.575646029263524e-11,2.064465612350297e-11
577,1236,387,-29000.0,-38920.0,48.54,-2916.9,1,0.0064,7.577000138425659e-11,1.7422469023031795e-10,2.8314284944430668e-11,1.5984482834574543e-11
608,1257,344,-32440.0,-40600.0,51.97,-2916.8,1,0.0064,6.033507027325413e-11,1.686737971517971e-10,8.062673792497144e-12,6.8129421375295865e-12
566,1228,404,-27640.0,-38280.0,47.22,-2916.6,1,0.0064,9.573451059674554e-11,1.1768318264326894e-10,1.7606322649799108e-11,5.510232894967437e-12
565,1227,359,-31240.0,-38200.0,49.35,-2916.5,1,0.0064,5.448213546976888e-10,1.5117937457453934e-10,1.768313412364719e-10,5.121073357039485e-11
703,1339,436,-25080.0,-47160.0,53.41,-2916.5,1,0.0064,1.0492306329323851e-10,2.0668873557116998e-10,2.0861546864980877e-11,1.1107665134901799e-11
587,1240,410,-27160.0,-39240.0,47.72,-2914.3,1,0.0064,7.97997154466934e-11,1.5978890433032686e-10,1.3392838921211236e-11,1.1025212860726883e-11
596,1249,364,-30840.0,-39960.0,50.48,-2914.2,1,0.0064,4.152441931970508e-11,1.2580159136632574e-10,6.30734700579616e-12,4.835351303383861e-12
607,1255,365,-30760.0,-40440.0,50.81,-2914.2,1,0.0064,5.1908498333030906e-11,1.0427356200715109e-10,6.576006666286771e-12,9.56285745035146e-12
666,1308,363,-30920.0,-44680.0,54.34,-2914.0,1,0.0064,6.782183842313215e-11,4.546652290771114e-11,1.2594682241573452e-11,4.760731305702981e-12
514,1187,391,-28680.0,-35000.0,45.25,-2913.6,1,0.0064,1.988682135634079e-10,7.001722812649547e-11,6.823448750470362e-11,2.3168933785400192e-11
656,1298,393,-28520.0,-43880.0,52.33,-2913.5,1,0.0064,7.395829088041593e-11,1.8234291854213322e-10,1.1506301120234319e-11,1.1262737270589795e-11
530,1202,391,-28680.0,-36200.0,46.18,-2913.3,1,0.0064,7.097038234871178e-11,1.12076403713246e-10,1.0289730005552666e-11,8.108233702508459e-12
664,1306,399,-28040.0,-44520.0,52.61,-2912.8,1,0.0064,6.209400355006167e-11,9.137524764613048e-11,1.0273721977316352e-11,1.0641557079971165e-11
503,1177,401,-27880.0,-34200.0,44.12,-2912.7,1,0.0064,2.8484126168848434e-10,1.3742898485880062e-10,1.1321683868192878e-10,1.8826499387225578e-11
636,1277,386,-29080.0,-42200.0,51.25,-2912.7,1,0.0064,1.1955059164847626e-10,1.1992105919400586e-10,1.8788075262232692e-11,1.0209244907799508e-11
637,1277,393,-28520.0,-42200.0,50.93,-2912.7,1,0.0064,1.1755314777150971e-10,1.3383212593698346e-10,1.800819215969085e-11,7.771798829492305e-12
689,1326,500,-19960.0,-46120.0,50.25,-2912.7,1,0.0064,4.929073121884287e-11,9.370792336538257e-11,6.1854813805661815e-12,9.466674839864186e-12
662,1304,534,-17240.0,-44360.0,47.59,-2912.6,1,0.0064,5.187241608473059e-11,1.2539870530847708e-10,4.884315608216783e-12,5.394433597732951e-12
643,1286,351,-31880.0,-42920.0,53.46,-2912.4,1,0.0064,4.9571922955404795e-11,1.0010461903853239e-10,1.002508319414286e-11,4.957287184914616e-12
588,1242,449,-24040.0,-39400.0,46.15,-2912.0,1,0.0064,9.114339144522532e-11,8.847622634533535e-11,6.571602637062135e-12,8.980066690256194e-12
572,1232,366,-30680.0,-38600.0,49.31,-2911.2,1,0.0064,4.6049143664905756e-11,1.6580696537982218e-10,1.0742041804678859e-11,6.7860131576502606e-12
708,1342,464,-22840.0,-47400.0,52.62,-2910.9,1,0.0064,9.377221221740227e-11,1.5663485786188147e-10,5.290495038584586e-12,6.761982033337555e-12
578,1236,393,-28520.0,-38920.0,48.25,-2910.6,1,0.0064,6.622953574453305e-11,2.4716137470015553e-10,7.813971691916777e-12,5.132306472171999e-12
563,1225,412,-27000.0,-38040.0,46.65,-2910.5,1,0.0064,9.739434259081747e-11,9.030685227395807e-11,1.831476637015328e-11,1.0220672398697506e-11
605,1254,358,-31320.0,-40360.0,51.09,-2910.5,1,0.0064,4.9053552886313405e-11,1.3313185276420114e-10,9.291762671781443e-12,6.7073265344608216e-12
676,1317,418,-26520.0,-45400.0,52.58,-2910.0,1,0.0064,1.1461082777275422e-10,1.0964768676346992e-10,3.1239701797636243e-11,1.8587038158601743e-11
631,1273,341,-32680.0,-41880.0,53.12,-2909.8,1,0.0064,6.133734492541619e-11,1.7629923909634468e-10,6.2525579332117776e-12,5.15272243276077e-12
593,1248,357,-31400.0,-39880.0,50.76,-2909.7,1,0.0064,5.6524958325088186e-11,1.713344743858869e-10,6.128143131833852e-12,3.102022761922174e-12
595,1249,347,-32200.0,-39960.0,51.32,-2909.2,1,0.0064,5.071043238102924e-11,1.573211005911901e-10,6.470829948257428e-12,5.8861513753394315e-12
574,1233,416,-26680.0,-38680.0,46.99,-2909.1,1,0.0064,8.291940745142057e-11,1.4505781298357334e-10,3.2048544373886045e-11,1.4238130639776523e-11
660,1302,511,-19080.0,-44200.0,48.14,-2909.1,1,0.0064,9.031561609695869e-11,1.6724255313960154e-10,9.50962312368242e-12,9.03721715517225e-12
668,1310,314,-34840.0,-44840.0,56.78,-2909.1,1,0.0064,6.291359794241558e-11,1.0737242345237874e-10,7.165247128265717e-13,5.628508076283012e-12
555,1219,361,-31080.0,-37560.0,48.75,-2908.8,1,0.0064,9.248889848434416e-11,1.8638418586292002e-10,1.5783794410362262e-11,5.8003510848558815e-12
601,1252,313,-34920.0,-40200.0,53.25,-2908.8,1,0.0064,4.8207337427497166e-11,5.493631244357644e-11,4.027505759451877e-12,4.099519768790971e-12
523,1195,389,-28840.0,-35640.0,45.85,-2908.6,1,0.0064,5.347450260373421e-11,6.763733323422727e-11,7.954368066998008e-12,7.02436199484513e-12
658,1302,378,-29720.0,-44200.0,53.26,-2907.7,1,0.0064,3.2549456185915204e-11,1.2073471389317803e-10,8.20641384707832e-12,4.604421011134008e-12
651,1293,364,-30840.0,-43480.0,53.31,-2907.4,1,0.0064,9.044874571539907e-11,1.6787461698530848e-10,2.8830254156231302e-11,6.271354095754855e-12
653,1295,383,-29320.0,-43640.0,52.57,-2907.4,1,0.0064,6.820263798168469e-11,8.708400667245542e-11,2.7256976189993232e-11,9.006436221814518e-12
522,1194,434,-25240.0,-35560.0,43.61,-2907.2,1,0.0064,1.7438420499282792e-11,8.924999628234787e-11,1.5506934928841145e-12,2.307999060965904e-12
622,1265,325,-33960.0,-41240.0,53.42,-2907.2,1,0.0064,4.211843374068991e-11,1.8841074533870736e-10,4.281149219853564e-12,7.588069929342911e-12
600,1251,336,-33080.0,-40120.0,52.0,-2906.9,1,0.0064,4.802375858092845e-11,1.504623647896608e-10,3.0354750830963173e-12,5.685519329640121e-12
635,1277,380,-29560.0,-42200.0,51.52,-2906.9,1,0.0064,4.4940332705190045e-11,9.849386584104279e-11,5.069600555324128e-12,4.891414964042218e-12
644,1287,385,-29160.0,-43000.0,51.95,-2906.8,1,0.0064,8.367505993644997e-11,1.98703997700278e-10,1.0839220146441342e-11,1.218196550578643e-11
585,1239,341,-32680.0,-39160.0,51.0,-2906.4,1,0.0064,4.282941709621291e-11,1.1390385162846072e-10,7.021354418018655e-12,2.2964562109567543e-12
638,1279,370,-30360.0,-42360.0,52.12,-2906.3,1,0.0064,4.238077250251493e-11,1.245208935962694e-10,8.007213815608427e-12,6.3425397746341705e-12
696,1331,442,-24600.0,-46520.0,52.62,-2906.3,1,0.0064,7.324929551799642e-11,1.6180408402011182e-10,1.2951112404735454e-11,1.2227982515433666e-11
629,1272,353,-31720.0,-41800.0,52.47,-2905.7,1,0.0064,5.826990279178546e-11,5.39095920681909e-11,7.924608018405888e-12,6.0162187731638276e-12
634,1274,527,-17800.0,-41960.0,45.58,-2905.3,1,0.0064,1.04693038960324e-10,1.2027780160739354e-10,1.1704906141551952e-11,6.846378065167302e-12
657,1300,315,-34760.0,-44040.0,56.11,-2904.9,1,0.0064,4.126290281680767e-11,1.5726973889851334e-10,4.818791633082187e-12,3.7991276791160544e-12
539,1206,402,-27800.0,-36520.0,45.9,-2904.4,1,0.0064,7.549208480561731e-11,1.7401735608046917e-10,1.764110212076897e-11,7.826163328505942e-12
690,1327,437,-25000.0,-46200.0,52.53,-2904.2,1,0.0064,8.918160654403096e-11,2.3504059809553723e-10,1.7021056439303628e-11,8.22109567921725e-12
667,1309,407,-27400.0,-44760.0,52.48,-2903.6,1,0.0064,8.771530030093899e-11,1.303929464402387e-10,1.839891086707901e-11,9.963569032322983e-12
649,1292,326,-33880.0,-43400.0,55.06,-2903.2,1,0.0064,7.802089529995726e-11,1.9447798926819357e-10,5.650970143211698e-12,8.014979305248637e-12
699,1335,480,-21560.0,-46840.0,51.56,-2903.2,1,0.0064,3.8625828230332e-11,1.4902500067304203e-10,1.7166313509564546e-11,1.2453981422522188e-11
626,1271,362,-31000.0,-41720.0,51.98,-2902.7,1,0.0064,4.1331625622031964e-11,9.784179716421092e-11,8.803856949013422e-12,4.050689905027438e-12
579,1236,442,-24600.0,-38920.0,46.04,-2902.6,1,0.0064,8.70575139755303e-11,2.6747884462885447e-10,7.2183136204384546e-12,8.070080194377827e-12
652,1294,337,-33000.0,-43560.0,54.65,-2902.0,1,0.0064,6.350653336539834e-11,2.2658373788342343e-10,7.774399179982794e-12,3.790019079824569e-12
573,1233,340,-32760.0,-38680.0,50.69,-2901.9,1,0.0064,4.291561897518114e-11,2.1949202178017655e-10,3.794078332758355e-12,4.259171140774676e-12
581,1237,349,-32040.0,-39000.0,50.47,-2901.9,1,0.0064,4.090971658654574e-11,1.2806471161308508e-10,9.425031935461624e-12,7.255935435823701e-12
670,1312,414,-26840.0,-45000.0,52.4,-2901.9,1,0.0064,1.357723655726062e-10,1.962283668888176e-10,4.229097974595142e-11,2.220127554020124e-11
589,1243,334,-33240.0,-39480.0,51.61,-2901.8,1,0.0064,4.432681305344133e-11,1.5850268320072303e-10,1.2090829639571645e-12,3.201428705468245e-12
594,1248,436,-25080.0,-39880.0,47.11,-2901.2,1,0.0064,1.0387529031374854e-10,2.708074042789832e-10,1.7100624735699732e-11,8.465955367298328e-12
610,1257,458,-23320.0,-40600.0,46.82,-2901.1,1,0.0064,1.2066503352059501e-10,1.5308247724998836e-10,9.512182708171224e-12,1.7090431500554892e-11
613,1259,327,-33800.0,-40760.0,52.95,-2901.0,1,0.0064,5.850580436783659e-11,1.4654337465724862e-10,4.729840217404524e-12,3.806472064632471e-12
672,1313,522,-18200.0,-45080.0,48.62,-2900.8,1,0.0064,9.943137285750579e-11,1.8350092279018068e-10,6.793914823083336e-12,1.369568954773248e-11
576,1236,334,-33240.0,-38920.0,51.18,-2900.5,1,0.0064,2.814275722184956e-11,1.4626459765576527e-10,6.082430566156649e-12,5.428749030172986e-12
549,1214,454,-23640.0,-37160.0,44.04,-2900.1,1,0.0064,2.4670281442706887e-11,9.376899950952478e-11,3.444769643146106e-12,1.4779420092272957e-12
546,1211,352,-31800.0,-36920.0,48.73,-2900.0,1,0.0064,3.2437399988261006e-11,1.3078166327673555e-10,1.1060122435957442e-11,5.409643653170315e-12
628,1271,470,-22360.0,-41720.0,47.33,-2899.7,1,0.0064,8.2435350212684e-11,1.6092764620889708e-10,9.612066351194493e-12,1.2978056997126064e-11
538,1206,356,-31480.0,-36520.0,48.22,-2899.4,1,0.0064,5.150430776312831e-11,1.2438977625706116e-10,8.669232866298504e-12,3.4934865330432667e-12
606,1255,320,-34360.0,-40440.0,53.07,-2899.0,1,0.0064,2.7956392409378417e-11,1.9739891665704332e-10,8.300887646521539e-13,4.443375788837356e-12
525,1196,403,-27720.0,-35720.0,45.21,-2898.6,1,0.0064,4.958527338727592e-11,1.4468419518021136e-10,1.6335792094035462e-11,3.3141349907450657e-12
529,1200,369,-30440.0,-36040.0,47.17,-2898.4,1,0.0064,4.603191439134236e-11,1.3135471876868363e-10,5.7415587041698135e-12,4.309211841524441e-12
615,1260,446,-24280.0,-40840.0,47.51,-2896.7,1,0.0064,9.188654004343988e-11,1.6088665122371282e-10,1.8712236621309938e-11,6.549614149642391e-12
557,1219,446,-24280.0,-37560.0,44.72,-2896.1,1,0.0064,6.294254006888876e-11,9.1286318781858e-11,5.4377526786941735e-12,5.34890968323376e-12
659,1302,476,-21880.0,-44200.0,49.32,-2896.1,1,0.0064,1.2187974240962518e-10,2.5230359468331187e-10,4.241299585844294e-12,1.0584757896558994e-11
597,1249,463,-22920.0,-39960.0,46.07,-2894.9,1,0.0064,8.282241559243174e-11,2.334592519304124e-10,6.922772684964107e-12,1.8293037223893197e-11
518,1191,383,-29320.0,-35320.0,45.9,-2894.0,1,0.0064,3.603595546963767e-11,9.808726053606164e-11,6.229216795161641e-12,4.1582228112180256e-12
603,1253,446,-24280.0,-40280.0,47.03,-2893.5,1,0.0064,6.484180553600892e-11,1.7696857868010338e-10,1.7442281993740316e-11,7.118644649445338e-12
678,1319,301,-35880.0,-45560.0,57.99,-2891.5,1,0.0064,2.2361475171539522e-10,1.7298965038214928e-10,6.5261767344393365e-12,2.0259877109296557e-11
677,1318,432,-25400.0,-45480.0,52.09,-2890.6,1,0.0064,1.1134106830956724e-10,1.6969842198122362e-10,2.266618663593345e-11,1.7170220106832446e-11
504,1178,420,-26360.0,-34280.0,43.24,-2888.3,1,0.0064,4.379474907723058e-11,7.686420250285764e-11,4.894152791368178e-12,3.622373885223129e-12
731,1385,467,-22600.0,-50840.0,55.64,-2886.8,1,0.0064,4.59699833754712e-10,5.214121495678015e-11,5.7189593338780036e-11,5.095592003900862e-11
688,1325,490,-20760.0,-46040.0,50.5,-2885.7,1,0.0064,7.93278567834399e-11,1.9649835925061862e-10,9.05329197026239e-12,8.35600772602918e-12
650,1292,478,-21720.0,-43400.0,48.53,-2885.4,1,0.0064,1.2933447368634887e-10,1.6499149269044722e-10,1.5962273169911608e-11,1.2965668469422376e-11
674,1315,490,-20760.0,-45240.0,49.78,-2885.1,1,0.0064,3.913688123580173e-11,1.8886518737826208e-10,1.2051199448082084e-11,1.5580479614807352e-11
532,1202,453,-23720.0,-36200.0,43.28,-2884.7,1,0.0064,2.8139310326302788e-11,8.338944812447123e-11,8.029451127426758e-13,2.498687238020048e-12
724,1362,500,-19960.0,-49000.0,52.91,-2883.5,1,0.0064,1.8406956514560588e-10,1.1671644206678875e-10,2.250520256263933e-11,8.832002837411146e-12
679,1320,295,-36360.0,-45640.0,58.35,-2883.2,1,0.0064,2.5632487452020847e-11,1.3825021683011585e-10,4.243744678583683e-12,4.221418353766993e-12
627,1271,410,-27160.0,-41720.0,49.78,-2881.1,1,0.0064,1.1698156332506926e-10,1.5586824886337777e-10,2.730062530209576e-11,1.5984828044546262e-11
540,1206,441,-24680.0,-36520.0,44.08,-2879.1,1,0.0064,5.4772915369927227e-11,3.8864952922601503e-10,2.8512697845123336e-12,4.275297563888225e-12
642,1285,310,-35160.0,-42840.0,55.42,-2876.4,1,0.0064,2.8946359198478436e-11,1.4557670346970752e-10,1.860718610441348e-12,4.7045319029326285e-12
541,1206,469,-22440.0,-36520.0,42.86,-2870.8,1,0.0064,4.4266496718181614e-11,1.301958263422165e-10,5.381301741019806e-12,7.84676577186838e-12
533,1204,463,-22920.0,-36360.0,42.98,-2868.7,1,0.0064,4.911820603026307e-11,9.005902273928612e-11,3.501532614205716e-12,2.732020339124564e-12
681,1321,285,-37160.0,-45720.0,58.92,-2856.1,1,0.0064,2.526553445625357e-11,1.0408399836459026e-10,5.436216147375328e-12,2.520670738109798e-12
713,1349,514,-18840.0,-47960.0,51.53,-2797.1,1,0.0064,1.0689292506693704e-10,1.2141211647165306e-10,1.5633855321439682e-11,9.29623131945556e-12
535,1205,267,-38600.0,-36440.0,53.08,-2589.1,1,0.0064,9.084314550600324e-11,1.2657684622663368e-10,1.0451661237864672e-11,4.820545438516399e-12
498,1165,302,-35800.0,-33240.0,48.85,-2576.4,1,0.0064,1.2172320096315303e-10,5.584844392503285e-11,4.1107842824184e-11,1.775888811006432e-11
537,1206,275,-37960.0,-36520.0,52.68,-2574.9,1,0.0064,7.897172499271575e-11,7.972646848264374e-11,7.74093289468425e-12,9.324759714379738e-12
561,1225,251,-39880.0,-38040.0,55.11,-2571.1,1,0.0064,1.950015149354556e-10,1.4656041658067664e-10,8.233432165216659e-12,1.4097258083101138e-11
521,1194,276,-37880.0,-35560.0,51.96,-2568.2,1,0.0064,1.21304022382418e-10,8.371962151310086e-11,3.7159433516342766e-12,2.3326451881189317e-11
550,1216,255,-39560.0,-37320.0,54.39,-2563.7,1,0.0064,5.498906191503394e-11,1.319673120780962e-10,3.897154474130637e-11,9.97935154650742e-12
512,1186,280,-37560.0,-34920.0,51.29,-2562.3,1,0.0064,4.771622680310728e-11,6.160966181667504e-11,5.939362283241545e-12,1.6713529865652887e-11
545,1209,257,-39400.0,-36760.0,53.89,-2561.4,1,0.0064,4.034358958016071e-11,1.7962274723171134e-10,9.088216290642492e-12,1.7202286470285877e-11
528,1200,258,-39320.0,-36040.0,53.34,-2561.3,1,0.0064,8.240112758794993e-11,1.0333387617800227e-10,1.0132350687641622e-11,1.2376953628656649e-11
516,1190,295,-36360.0,-35240.0,50.64,-2561.1,1,0.0064,4.7401908787048086e-11,1.6445117489993774e-10,3.5799835318428567e-12,1.201731075761714e-11
520,1193,260,-39160.0,-35480.0,52.84,-2558.8,1,0.0064,6.83349626884322e-11,7.610267277469163e-11,8.732936249145062e-12,8.153454474080224e-12
536,1206,247,-40200.0,-36520.0,54.31,-2558.7,1,0.0064,8.372346566032363e-11,1.5076304094030488e-10,1.1443652449261156e-11,1.6654979478891718e-11
505,1179,302,-35800.0,-34360.0,49.62,-2558.2,1,0.0064,5.189182070153287e-11,6.137522434723763e-11,9.726853870961616e-12,9.29397270948984e-12
554,1218,249,-40040.0,-37480.0,54.84,-2555.5,1,0.0064,5.688050724872439e-11,1.356970785737488e-10,1.054204293304828e-11,1.134350859771649e-11
524,1196,252,-39800.0,-35720.0,53.48,-2550.7,1,0.0064,5.7055356966762005e-11,1.1010535538868992e-10,5.428497928949838e-12,1.6366586905181002e-11
544,1208,238,-40920.0,-36680.0,54.95,-2550.1,1,0.0064,4.110332213480561e-11,1.3565557011041562e-10,9.164581420140204e-12,8.636199394507216e-12
510,1183,308,-35320.0,-34680.0,49.5,-2549.6,1,0.0064,5.5418447608701626e-11,5.127616109490417e-10,1.0691704466214702e-11,1.074186833233126e-11
502,1177,308,-35320.0,-34200.0,49.16,-2545.0,1,0.0064,3.1021057250724127e-11,7.578974253741322e-11,5.130836727706978e-12,3.692377133213132e-12
558,1221,240,-40760.0,-37720.0,55.54,-2544.7,1,0.0064,6.082725989564608e-11,1.2933383530810969e-10,6.08979056418435e-12,9.179712545659411e-12
491,1147,283,-37320.0,-31800.0,49.03,-2542.2,1,0.0064,4.463750896688268e-11,6.319785667008304e-11,7.119051008419586e-12,4.58375785244991e-12
495,1151,314,-34840.0,-32120.0,47.39,-2541.1,1,0.0064,9.434715508849223e-11,9.099705711168582e-11,1.9840790468905745e-11,2.3464091780667215e-11
497,1160,291,-36680.0,-32840.0,49.23,-2539.5,1,0.0064,2.9383395022675174e-11,4.709638928845905e-11,6.424775642055458e-12,2.743869801508092e-12
494,1151,295,-36360.0,-32120.0,48.52,-2537.2,1,0.0064,4.9037073013291626e-11,9.602032363664748e-11,9.925902114127359e-12,4.150321145784952e-12
485,1138,316,-34680.0,-31080.0,46.57,-2532.6,1,0.0064,8.049425015421717e-11,4.3635213498038894e-11,3.313187224573966e-11,6.122109763584405e-12
492,1149,309,-35240.0,-31960.0,47.57,-2532.3,1,0.0064,4.7498633498621594e-11,4.612963136474413e-11,1.5315484991340608e-11,2.0412679792997098e-12
488,1142,310,-35160.0,-31400.0,47.14,-2531.0,1,0.0064,3.9255796530079934e-11,5.7836173350533926e-11,9.202653396267468e-12,5.150809032766768e-12
470,1114,235,-41160.0,-29160.0,50.44,-2525.0,1,0.0064,7.357450065859084e-11,1.39890390937758e-10,1.0173526951429146e-11,7.653312879274399e-12
464,1107,331,-33480.0,-28600.0,44.03,-2523.6,1,0.0064,1.6375993616701834e-10,1.5238110773196922e-10,8.701341036587705e-11,2.2070270958018945e-11
463,1101,334,-33240.0,-28120.0,43.54,-2514.1,1,0.0064,1.178464825724035e-10,1.1790786402787743e-10,1.8285499850390075e-11,1.2994600187554715e-11
478,1124,312,-35000.0,-29960.0,46.07,-2512.6,1,0.0064,2.2069200633634267e-10,1.1210813527506858e-10,5.2096844199711605e-11,2.9089404496307477e-11
474,1115,248,-40120.0,-29240.0,49.64,-2511.6,1,0.0064,6.239753158610029e-11,1.0573961151116862e-10,4.708210817744307e-12,6.544759959675739e-12
473,1115,241,-40680.0,-29240.0,50.1,-2510.0,1,0.0064,2.654055863970939e-10,2.774269924898931e-09,1.4883625581996185e-11,2.539220222974592e-11
468,1112,316,-34680.0,-29000.0,45.21,-2509.0,1,0.0064,2.487102468418101e-10,1.484332101675534e-10,1.2325927604972532e-11,3.185197938737616e-11
472,1115,228,-41720.0,-29240.0,50.95,-2505.7,1,0.0064,7.537156315740035e-11,1.7676045349634959e-10,2.4200955909409183e-12,3.4166673396757163e-12
477,1119,217,-42600.0,-29560.0,51.85,-2500.4,1,0.0064,6.36701733003342e-11,2.282475597414901e-10,4.980032445450755e-12,5.1076725314513904e-12
471,1114,339,-32840.0,-29160.0,43.92,-2499.4,1,0.0064,3.2809945732514834e-11,8.984209209916827e-11,2.2586995208212497e-12,4.29276275984436e-12
482,1129,327,-33800.0,-30360.0,45.43,-2495.2,1,0.0064,4.036652262451312e-11,8.219192687564103e-11,1.0067478968533994e-11,3.4485587128985085e-12
487,1140,190,-44760.0,-31240.0,54.58,-2492.5,1,0.0064,3.710201590401141e-11,1.3343130766951816e-10,1.8597165907935365e-12,2.803657262948067e-12
467,1110,348,-32120.0,-28840.0,43.17,-2492.0,1,0.0064,7.880800872994698e-11,1.3416887045814008e-10,1.8098236451158375e-11,5.3532308794124176e-12
461,1098,348,-32120.0,-27880.0,42.53,-2490.4,1,0.0064,6.886302639230735e-11,6.496875953887482e-11,8.381358974907105e-12,5.511415542697185e-12
490,1147,198,-44120.0,-31800.0,54.39,-2490.1,1,0.0064,1.6716845963049562e-10,9.370625803084563e-11,5.5642318010085115e-12,2.8054820619405337e-11
476,1118,329,-33640.0,-29480.0,44.73,-2488.6,1,0.0064,6.663779944515724e-11,7.733764323392123e-11,7.394824336204309e-12,1.1213412143273873e-11
484,1131,291,-36680.0,-30520.0,47.72,-2488.2,1,0.0064,1.6020841597796928e-10,6.507271110844924e-11,2.397585949220904e-11,2.0151947818791704e-11
480,1128,207,-43400.0,-30280.0,52.92,-2480.8,1,0.0064,5.3935623328671405e-11,2.3515822622499627e-10,6.45189630887888e-12,5.526838101760356e-12
570,1231,206,-43480.0,-38520.0,58.09,-2480.6,1,0.0064,4.814116466578256e-11,3.4998187681267723e-10,1.1455165808971211e-11,7.85304373612794e-12
483,1130,193,-44520.0,-30440.0,53.93,-2472.1,1,0.0064,3.5213412047374604e-11,1.2466459808901928e-10,8.146671705289155e-12,5.145860734051544e-12
486,1139,209,-43240.0,-31160.0,53.3,-2471.3,1,0.0064,5.3661217830347496e-11,1.4166243178515003e-10,7.582923872151426e-12,5.905987504606358e-12
481,1128,272,-38200.0,-30280.0,48.75,-2426.9,1,0.0064,8.228093206774645e-11,1.8671780788181988e-10,7.007986205231909e-12,4.940012808540839e-12
458,1093,428,-25720.0,-27480.0,37.64,-2419.0,1,0.0064,7.142198638065976e-11,1.1656835219309158e-10,3.431265254566496e-12,6.9797934793003336e-12
430,1036,383,-29320.0,-22920.0,37.22,-2407.0,1,0.0064,1.4354925026438534e-09,3.278020632713208e-10,1.6800398572325292e-10,2.6571733702240863e-10
450,1075,308,-35320.0,-26040.0,43.88,-2405.8,1,0.0064,1.0910826409027408e-10,7.078296282436725e-11,1.4912090659513488e-11,1.9777054993674878e-11
475,1118,273,-38120.0,-29480.0,48.19,-2404.8,1,0.0064,9.103338222127276e-11,1.5181250700990742e-10,7.550647607157401e-12,7.2284934114763555e-12
457,1088,315,-34760.0,-27080.0,44.06,-2400.6,1,0.0064,5.209968220731831e-11,1.0011432655110396e-10,1.3685327177048734e-11,7.0165058659033e-12
455,1085,405,-27560.0,-26840.0,38.47,-2399.8,1,0.0064,9.145428858658987e-11,1.4839460216187206e-10,4.930534279468102e-12,4.026330050616034e-12
443,1068,316,-34680.0,-25480.0,43.03,-2394.7,1,0.0064,2.1346870104910207e-10,7.172927529719429e-11,4.354585789179133e-11,2.4495461214968373e-11
452,1080,320,-34360.0,-26440.0,43.36,-2391.6,1,0.0064,5.6186715002848324e-11,9.611703100098623e-11,1.6446871642372685e-11,6.033651009373919e-12
449,1072,343,-32520.0,-25800.0,41.51,-2386.5,1,0.0064,1.1209936451317404e-10,1.2784498459872395e-10,2.239387321412156e-11,1.5621679297361798e-11
446,1070,302,-35800.0,-25640.0,44.03,-2385.2,1,0.0064,3.4176987628864446e-11,9.582151738740663e-11,5.15888850735613e-12,6.058558169041994e-12
440,1064,300,-35960.0,-25160.0,43.89,-2381.6,1,0.0064,8.52961590247503e-11,6.880319231017396e-11,7.000472684176584e-12,9.308294586507504e-12
460,1098,276,-37880.0,-27880.0,47.03,-2381.2,1,0.0064,4.13252036757239e-11,5.966253879829964e-11,9.559565812555793e-12,7.200278134139593e-12
445,1069,328,-33720.0,-25560.0,42.31,-2376.8,1,0.0064,5.846666900621855e-11,1.5078671644630504e-10,8.603365415915665e-12,4.569402582005333e-12
469,1112,393,-28520.0,-29000.0,40.67,-2374.2,1,0.0064,4.801718744840144e-11,2.1107619818661047e-10,3.490442960704665e-12,6.170206272998469e-12
466,1108,399,-28040.0,-28680.0,40.11,-2373.6,1,0.0064,3.4698074274919215e-11,1.1450717457561763e-10,2.6182593419743494e-12,3.3798552064728815e-12
454,1083,412,-27000.0,-26680.0,37.96,-2370.4,1,0.0064,5.737173930375761e-11,1.1154032558691184e-10,1.9580732434770765e-12,4.4576217717029465e-12
456,1087,399,-28040.0,-27000.0,38.93,-2369.1,1,0.0064,3.8905600963090585e-11,1.479404515558613e-10,5.048657672479529e-12,3.477606223822871e-12
459,1097,407,-27400.0,-27800.0,39.03,-2364.1,1,0.0064,4.584625387660246e-11,3.5561564803998635e-10,3.954188539101455e-12,3.834820481996015e-12
447,1071,275,-37960.0,-25720.0,45.85,-2356.0,1,0.0064,1.6320515772161315e-10,6.412458064541937e-11,1.9948209750708656e-11,1.5387403157207658e-11
391,765,142,-48600.0,-1240.0,48.62,-2353.8,1,0.0064,1.102092167526436e-10,1.1644865627324918e-10,1.4601373929390427e-11,1.6700113514289683e-11
442,1067,282,-37400.0,-25400.0,45.21,-2342.6,1,0.0064,8.835451120736693e-11,1.1199002836193016e-10,2.9789670730195894e-11,1.7784921105268303e-11
402,783,128,-49720.0,-2680.0,49.79,-2341.5,1,0.0064,7.874789015316351e-11,1.3193020287349808e-10,1.3006613147625856e-11,7.495669016033268e-12
385,754,89,-52840.0,-360.0,52.84,-2340.8,1,0.0064,2.7040628070018613e-10,7.560006093365601e-11,2.1291225726916e-11,3.3107086516714894e-11
393,769,123,-50120.0,-1560.0,50.14,-2336.2,1,0.0064,3.2286551210347625e-10,1.6078208209258094e-10,1.2854621013469458e-11,2.6599113536751595e-11
386,756,98,-52120.0,-520.0,52.12,-2331.8,1,0.0064,3.46432105224892e-10,1.1083405720979655e-10,2.6903687611046223e-11,5.126358365581396e-11
435,1049,382,-29400.0,-23960.0,37.93,-2331.4,1,0.0064,2.736958992777261e-10,1.8682293212446408e-10,3.2043281222859925e-11,2.1158913163232814e-11
394,773,137,-49000.0,-1880.0,49.04,-2330.8,1,0.0064,1.5584469825746794e-10,7.326953627151411e-11,8.84176759585742e-12,1.2902946072701482e-11
396,777,83,-53320.0,-2200.0,53.37,-2330.7,1,0.0064,2.1545110140408494e-10,1.7906985616544802e-10,1.9072632362338027e-11,1.3804921615567787e-11
479,1124,429,-25640.0,-29960.0,39.43,-2330.3,1,0.0064,3.951387481104796e-11,1.698875207178929e-10,4.748266883847219e-12,7.370807957041148e-12
390,763,110,-51160.0,-1080.0,51.17,-2326.4,1,0.0064,7.186976014317281e-11,2.3199375753790719e-10,1.2428173074008342e-11,1.1481997644335884e-11
387,759,119,-50440.0,-760.0,50.45,-2325.6,1,0.0064,1.9356041769391647e-10,1.2313895736415503e-10,1.5533652489296834e-11,1.39427054970942e-11
436,1051,280,-37560.0,-24120.0,44.64,-2325.4,1,0.0064,7.116823796948779e-11,9.226522323935171e-11,1.1384200873654216e-11,9.96509732370532e-12
395,775,105,-51560.0,-2040.0,51.6,-2324.4,1,0.0064,3.7998534874184026e-10,2.3208353294723594e-10,4.9102673316259165e-11,4.754207097446006e-11
399,781,111,-51080.0,-2520.0,51.14,-2324.3,1,0.0064,1.6431363214497452e-10,1.1586500509030984e-10,1.1594735588316139e-11,1.6766140559232312e-11
403,786,119,-50440.0,-2920.0,50.52,-2321.1,1,0.0064,1.9539181383976256e-10,6.507101801833669e-11,9.93707807012134e-12,2.8597055279355743e-11
409,789,108,-51320.0,-3160.0,51.42,-2321.0,1,0.0064,3.4908717583270743e-10,1.66130553758137e-10,2.8028069448682302e-11,3.5756946015208506e-11
420,807,93,-52520.0,-4600.0,52.72,-2320.4,1,0.0064,3.6672609393662015e-10,1.3048996605480312e-10,2.347137761926632e-11,1.2727388587485676e-11
382,745,108,-51320.0,360.0,51.32,-2319.7,1,0.0064,1.2591715170540138e-10,2.2395880983072655e-10,8.484445784828765e-12,1.3859057131082596e-11
404,786,144,-48440.0,-2920.0,48.53,-2318.3,1,0.0064,1.868060151011264e-10,2.063479942471247e-10,1.2060270317137968e-11,2.164503819235275e-11
408,788,85,-53160.0,-3080.0,53.25,-2317.0,1,0.0064,1.3892451078412194e-10,1.2187731379675879e-10,9.099715772564744e-12,1.793323128884694e-11
401,783,100,-51960.0,-2680.0,52.03,-2316.7,1,0.0064,1.8207353680299576e-10,7.133190565999925e-11,8.141412891071731e-12,1.5346555623518832e-11
406,787,139,-48840.0,-3000.0,48.93,-2316.7,1,0.0064,1.2570217089447056e-10,1.3238313223418174e-10,7.690877448784939e-12,1.0529492208699588e-11
384,749,101,-51880.0,40.0,51.88,-2316.6,1,0.0064,1.2339879118528074e-10,1.4340947873670018e-10,3.667659925765676e-12,7.718091790676063e-12
388,759,132,-49400.0,-760.0,49.41,-2316.5,1,0.0064,1.1837546221027395e-10,2.2609036864906784e-10,8.893340057436472e-12,1.240206201624794e-11
410,793,138,-48920.0,-3480.0,49.04,-2316.2,1,0.0064,1.269385152546931e-10,1.1730796889430906e-10,1.2610062299911462e-11,1.6394491667015565e-11
397,777,149,-48040.0,-2200.0,48.09,-2314.9,1,0.0064,7.90154747187799e-11,5.5548170230235166e-11,1.831674568963937e-11,1.2363114872127046e-11
400,781,141,-48680.0,-2520.0,48.75,-2313.0,1,0.0064,1.8590655403993847e-10,2.9753507990726286e-10,1.7522313461304506e-11,1.6396724256129147e-11
411,797,114,-50840.0,-3800.0,50.98,-2312.3,1,0.0064,1.9753264302035942e-10,1.1946614530966568e-10,1.3114760145926939e-11,2.5772925460465498e-11
383,748,117,-50600.0,120.0,50.6,-2312.2,1,0.0064,6.342579239593249e-11,2.1429598373590156e-10,6.06594635632618e-12,8.568976257727899e-12
389,763,88,-52920.0,-1080.0,52.93,-2311.4,1,0.0064,1.2797900239558402e-10,2.2660888443493119e-10,9.855913828127338e-12,9.396175677800487e-12
419,805,132,-49400.0,-4440.0,49.6,-2310.4,1,0.0064,9.305305137541352e-11,1.1343027211951906e-10,5.812447311653868e-12,8.677707857840389e-12
412,797,131,-49480.0,-3800.0,49.63,-2310.1,1,0.0064,1.918246533838541e-10,2.4211493920844873e-10,1.773162866536282e-11,1.7824106773867143e-11
421,808,113,-50920.0,-4680.0,51.13,-2309.6,1,0.0064,2.0292796609755468e-10,9.099530851042203e-11,1.0440238083775366e-11,2.4764745809591204e-11
413,798,154,-47640.0,-3880.0,47.8,-2308.2,1,0.0064,5.4876100191725286e-11,1.3114373476064142e-10,1.6011761361234278e-11,4.995353956871451e-12
415,800,142,-48600.0,-4040.0,48.77,-2306.3,1,0.0064,1.5104371919871795e-10,1.79211534501178e-10,6.169680218104379e-12,1.0104969812296805e-11
405,786,154,-47640.0,-2920.0,47.73,-2305.4,1,0.0064,6.7249872337527e-11,1.1832926305466174e-10,9.830795899556932e-12,7.912592456249534e-12
793,1499,0,-59960.0,-59960.0,84.8,-2302.2,1,0.0064,5.033268246634748e-10,1.811547717389672e-10,1.0274615186434132e-10,4.40302828919048e-11
422,809,108,-51320.0,-4760.0,51.54,-2301.7,1,0.0064,1.0683804535505104e-10,1.34867367274083e-10,7.679308577923649e-12,1.9507983770039594e-11
417,803,110,-51160.0,-4280.0,51.34,-2299.6,1,0.0064,8.196325562703777e-11,2.0466868477786446e-10,4.22968951530045e-12,1.704528358736912e-11
416,801,91,-52680.0,-4120.0,52.84,-2298.9,1,0.0064,1.1385759696169727e-10,1.5644716078178078e-10,9.536581593860838e-12,8.800487248661337e-12
424,818,117,-50600.0,-5480.0,50.9,-2292.2,1,0.0064,1.0178802939408982e-10,1.1409627409530998e-10,4.733930695360877e-12,6.470248815892976e-12
414,799,68,-54520.0,-3960.0,54.66,-2277.5,1,0.0064,6.778994726674979e-11,2.9306065907341855e-10,7.91170167574462e-12,5.3205404491885044e-12
782,1489,8,-59320.0,-59160.0,83.78,-2269.9,1,0.0064,4.259150324092964e-11,7.876550106589164e-11,6.638225125837893e-12,4.9331641202576826e-12
780,1488,2,-59800.0,-59080.0,84.06,-2261.1,1,0.0064,2.135050053420073e-10,2.7681276715263436e-10,6.670745119480293e-12,2.0330981689853367e-11
789,1495,10,-59160.0,-59640.0,84.0,-2256.7,1,0.0064,6.670251156970508e-11,1.5396305064196977e-10,4.8139560913929006e-12,6.9007330232018216e-12
432,1041,290,-36760.0,-23320.0,43.53,-2253.4,1,0.0064,5.2366749825338837e-11,9.959761487765562e-11,1.5129432429095147e-11,6.036296462674784e-12
431,1036,395,-28360.0,-22920.0,36.46,-2250.9,1,0.0064,4.398808539640697e-10,2.0609658424319832e-10,5.105959058337994e-11,6.820526088358037e-11
433,1041,403,-27720.0,-23320.0,36.22,-2249.1,1,0.0064,2.455641245902029e-10,8.347347119075366e-11,4.090905739162487e-11,1.950005608375438e-11
429,1035,404,-27640.0,-22840.0,35.86,-2229.8,1,0.0064,1.3664182285655355e-10,2.0685050894364562e-10,1.577213186443327e-11,1.305951787683446e-11
453,1081,456,-23480.0,-26520.0,35.42,-2205.2,1,0.0064,8.263629364124725e-11,3.826115119176521e-11,1.280275798570818e-11,1.0533624320019364e-11
438,1056,422,-26200.0,-24520.0,35.88,-2197.9,1,0.0064,1.5275281040061373e-10,8.539842444310608e-11,1.1050136500267982e-11,1.5544118076027402e-11
41,138,216,-42680.0,48920.0,64.92,-2195.8,1,0.0064,3.969569811745899e-11,2.764435902413709e-10,1.7847180981342414e-12,4.15700980582745e-12
250,283,75,-53960.0,37320.0,65.61,-2012.2,1,0.0064,1.9221529923285627e-10,1.8210247199057503e-10,4.242909495966174e-11,2.0330815156399676e-11
428,998,349,-32040.0,-19880.0,37.71,-1984.0,1,0.0064,6.455334183863569e-11,5.335029085173915e-10,1.3277776447773169e-11,8.037418820772135e-12
748,1452,62,-55000.0,-56200.0,78.63,-1982.4,1,0.0064,8.154379255165267e-11,9.754367452652346e-11,8.511255936149986e-12,6.9421018412951785e-12
31,128,633,-9320.0,49720.0,50.59,-1970.1,1,0.0064,5.769044963965797e-11,1.73497743949369e-10,6.454599008054451e-12,5.427295765580986e-12
774,1481,166,-46680.0,-58520.0,74.86,-1963.9,1,0.0064,8.446220112201529e-11,1.406566529915665e-10,9.166349103362226e-12,9.05536149536923e-12
281,305,74,-54040.0,35560.0,64.69,-1959.9,1,0.0064,1.6458499840776852e-10,2.096066653578532e-10,1.9570685350078776e-11,1.0590016710776418e-11
764,1468,140,-48760.0,-57480.0,75.38,-1957.9,1,0.0064,6.348010311851837e-11,1.4322230901253619e-10,9.640452498793639e-12,5.888426465178176e-12
771,1480,149,-48040.0,-58440.0,75.65,-1956.2,1,0.0064,1.7761939141713867e-10,1.6319942619524852e-10,2.230320962637311e-11,1.928467628642405e-11
251,283,116,-50680.0,37320.0,62.94,-1954.3,1,0.0064,3.869204262541004e-11,1.2191281317797118e-10,4.092199669403218e-12,4.448040893945127e-12
765,1469,131,-49480.0,-57560.0,75.9,-1951.2,1,0.0064,5.662667557082557e-11,8.686914382272093e-11,4.909653846668638e-12,6.465982697184679e-12
762,1466,151,-47880.0,-57320.0,74.69,-1949.5,1,0.0064,7.144945052273144e-11,7.952399849742163e-11,4.361090915477872e-12,3.210232427108828e-12
172,227,40,-56760.0,41800.0,70.49,-1947.7,1,0.0064,9.019020252853947e-11,5.0531662187935915e-11,1.3370400273049476e-11,1.0828269704499238e-11
784,1490,123,-50120.0,-59240.0,77.6,-1945.1,1,0.0064,1.2486586209448092e-09,2.1233322045066672e-10,9.130745465268929e-11,1.26784860388085e-10
742,1442,159,-47240.0,-55400.0,72.81,-1944.2,1,0.0064,1.0678480322212636e-10,8.778143489873713e-11,5.747963736923989e-12,1.933432060285956e-11
278,304,102,-51800.0,35640.0,62.88,-1943.8,1,0.0064,6.303928212769705e-11,1.0124499849606393e-10,1.3513456846581118e-11,4.931937670760167e-12
262,293,56,-55480.0,36520.0,66.42,-1943.3,1,0.0064,2.7250235401510276e-10,8.867850898042207e-11,2.774493135238032e-11,2.118951368534905e-11
274,302,58,-55320.0,35800.0,65.89,-1943.2,1,0.0064,4.280039378468104e-10,1.312176894918693e-10,1.0748413964423163e-10,6.050941692148369e-11
760,1465,162,-47000.0,-57240.0,74.06,-1942.6,1,0.0064,8.979344351400798e-11,1.4582215990266434e-10,6.112953893078199e-12,1.1707717260944772e-11
756,1458,157,-47400.0,-56680.0,73.89,-1942.1,1,0.0064,2.4238080986727084e-10,1.719895059704157e-10,2.6997105939674526e-11,2.0004694081809937e-11
777,1484,88,-52920.0,-58760.0,79.08,-1941.7,1,0.0064,8.314696153810529e-11,1.5355236526737315e-10,3.7493120587372974e-12,6.045712975383255e-12
796,1499,114,-50840.0,-59960.0,78.61,-1941.6,1,0.0064,4.751475324304977e-10,1.1254475823507804e-10,5.0859139816283865e-11,3.518619423603653e-11
772,1481,54,-55640.0,-58520.0,80.75,-1941.3,1,0.0064,6.037897404276292e-10,1.1913431352539303e-10,1.0116040817520489e-11,7.824465381167656e-11
794,1499,87,-53000.0,-59960.0,80.03,-1940.4,1,0.0064,4.509139936437201e-11,1.4872110487562648e-10,3.930196012386089e-12,5.819371894089098e-12
786,1491,144,-48440.0,-59320.0,76.59,-1939.2,1,0.0064,1.6718006146110298e-10,1.2493582557393523e-10,1.659222065297783e-11,1.692043553880307e-11
753,1457,111,-51080.0,-56600.0,76.24,-1938.9,1,0.0064,4.9676436575385446e-11,1.9691998032200783e-10,4.622367592854726e-12,6.573427566158863e-12
757,1459,140,-48760.0,-56760.0,74.83,-1938.9,1,0.0064,5.4798342946638095e-11,7.444132116285472e-11,4.360629479033262e-12,4.948927118803015e-12
755,1458,129,-49640.0,-56680.0,75.34,-1938.8,1,0.0064,1.2392131765182055e-10,1.0308710135520371e-10,6.239694091275672e-12,1.3548934543750056e-11
743,1445,151,-47880.0,-55640.0,73.41,-1938.2,1,0.0064,1.1555951334729642e-10,6.388543860591511e-11,4.812793826663997e-12,1.0020952817546558e-11
783,1489,99,-52040.0,-59160.0,78.79,-1937.9,1,0.0064,3.560914341171894e-10,1.7456032452844994e-10,3.3736225618641313e-11,3.768106313084552e-11
8,76,304,-35640.0,53880.0,64.6,-1937.4,1,0.0064,1.1167547442347824e-10,5.2947007889159175e-11,1.178699932796734e-11,7.122421576133409e-12
740,1438,103,-51720.0,-55080.0,75.56,-1936.8,1,0.0064,3.184044694570787e-11,1.0415594081658595e-10,4.502308248444109e-12,4.069198537154373e-12
290,309,110,-51160.0,35240.0,62.12,-1936.0,1,0.0064,2.1344331857520158e-10,1.4602909159666666e-10,1.2703782470424583e-11,2.118434420939064e-11
736,1435,128,-49720.0,-54840.0,74.02,-1935.3,1,0.0064,6.841428812354167e-11,5.7820238180683597e-11,7.76015449815981e-12,4.300063343593008e-12
768,1476,101,-51880.0,-58120.0,77.91,-1935.0,1,0.0064,5.5382583935559275e-11,2.7804947233533994e-10,8.403932931499991e-12,6.65118351020344e-12
770,1477,131,-49480.0,-58200.0,76.39,-1934.9,1,0.0064,8.223745989743847e-11,1.5075940495989926e-10,5.446844364431769e-12,6.988797995183259e-12
779,1487,69,-54440.0,-59000.0,80.28,-1934.6,1,0.0064,5.6714962587411926e-11,1.7176067512725268e-10,1.2499617226685578e-12,5.004963023885756e-12
788,1494,62,-55000.0,-59560.0,81.07,-1934.1,1,0.0064,2.396500498047516e-10,1.069383123719625e-10,2.151019119767117e-11,1.8241635632576525e-11
746,1447,134,-49240.0,-55800.0,74.42,-1933.1,1,0.0064,9.03656802164754e-11,9.736400574666959e-11,8.543146225170606e-12,7.181719195031855e-12
781,1488,78,-53720.0,-59080.0,79.85,-1932.6,1,0.0064,1.1650122533346519e-10,1.708728020188843e-10,7.202345057161219e-12,5.301034351062883e-12
303,314,102,-51800.0,34840.0,62.43,-1931.9,1,0.0064,7.723637701628759e-11,1.7789252015898427e-10,1.3557491934657051e-11,5.438042811195532e-12
750,1453,144,-48440.0,-56280.0,74.26,-1931.8,1,0.0064,4.0256242783698326e-11,9.073714002383325e-11,3.590085043483904e-12,5.519976836731999e-12
754,1457,150,-47960.0,-56600.0,74.19,-1931.7,1,0.0064,5.938947944539308e-11,1.2183866415771402e-10,3.325024934205945e-12,6.096218148343713e-12
733,1423,147,-48200.0,-53880.0,72.29,-1930.9,1,0.0064,5.5018295475051104e-11,1.41973877099133e-10,2.31846551505821e-12,3.262753565588805e-12
751,1455,122,-50200.0,-56440.0,75.53,-1930.7,1,0.0064,5.080630013920562e-11,6.599495255832366e-11,6.150787344727515e-12,5.85028683483535e-12
293,310,55,-55560.0,35160.0,65.75,-1930.6,1,0.0064,8.467934686784416e-11,2.0941706702082288e-10,1.4489289108798875e-11,7.523727300895455e-12
773,1481,112,-51000.0,-58520.0,77.62,-1930.6,1,0.0064,5.2269393674420066e-11,2.3032327434169275e-10,7.800807742819327e-12,1.1488857608321634e-11
735,1434,148,-48120.0,-54760.0,72.9,-1929.6,1,0.0064,4.7978523931568866e-11,1.0146734841232076e-10,7.503243686091121e-12,5.044208974125386e-12
763,1468,122,-50200.0,-57480.0,76.32,-1929.6,1,0.0064,5.2458169752522814e-11,1.5281555187929283e-10,7.205951113586906e-12,5.809232435372014e-12
283,305,96,-52280.0,35560.0,63.23,-1929.3,1,0.0064,1.5216627957670426e-10,3.0269808881655536e-10,2.736922667667674e-11,2.5818552157330643e-11
776,1482,141,-48680.0,-58600.0,76.18,-1929.0,1,0.0064,7.447795158377346e-11,1.3588367930861267e-10,1.9455632851300697e-12,7.065646245169033e-12
778,1485,127,-49800.0,-58840.0,77.09,-1928.8,1,0.0064,1.6276478775889558e-10,1.6554965731607751e-10,1.759479367757777e-11,1.29998511955165e-11
785,1490,155,-47560.0,-59240.0,75.97,-1928.8,1,0.0064,5.4494207757382895e-11,1.9937045070417267e-10,7.829862626318462e-12,4.046867008167254e-12
744,1446,119,-50440.0,-55720.0,75.16,-1928.0,1,0.0064,9.396232403258152e-11,6.827487880611827e-11,7.082248849876738e-12,7.43107745476701e-12
271,299,90,-52760.0,36040.0,63.89,-1927.4,1,0.0064,4.8086815779280194e-11,1.3971886148045343e-10,6.008198712853519e-12,3.731174657434222e-12
220,262,67,-54600.0,39000.0,67.1,-1927.3,1,0.0064,1.0937641070629668e-10,1.5110752926705828e-10,1.6667368873957145e-11,8.474214385767453e-12
767,1473,169,-46440.0,-57880.0,74.21,-1927.2,1,0.0064,8.321787009490933e-11,1.3094003659119835e-10,1.139046409276423e-11,1.0690945524693962e-11
268,298,48,-56120.0,36120.0,66.74,-1927.1,1,0.0064,8.286912128729895e-11,1.8771031951025918e-10,1.0556160980057516e-11,7.186592900637612e-12
769,1477,122,-50200.0,-58200.0,76.86,-1927.1,1,0.0064,6.524587120582126e-11,2.474196125756833e-10,3.5564064713999866e-12,6.9948304960709695e-12
737,1435,142,-48600.0,-54840.0,73.28,-1927.0,1,0.0064,7.170784799281904e-11,9.786297466840566e-11,1.0858945687086674e-11,1.0022968566225645e-11
741,1439,135,-49160.0,-55160.0,73.89,-1926.6,1,0.0064,4.288974730926043e-11,1.496896634423095e-10,1.676033986076908e-12,4.763564109139251e-12
752,1457,104,-51640.0,-56600.0,76.62,-1925.9,1,0.0064,9.378349485889004e-11,8.0901313426196e-11,2.1442427694529087e-11,1.515799638585058e-11
302,314,70,-54360.0,34840.0,64.57,-1925.7,1,0.0064,5.282069226453245e-11,1.1528673848903992e-10,7.764714218816415e-12,5.785438534494647e-12
257,288,49,-56040.0,36920.0,67.11,-1925.5,1,0.0064,2.651651120899601e-10,1.6466825125682758e-10,5.927208723832678e-11,1.5571988143392446e-11
792,1498,100,-51960.0,-59880.0,79.28,-1924.9,1,0.0064,9.693260777376976e-11,1.291178414186689e-10,1.142739895765299e-11,3.9126653306187364e-12
225,266,23,-58120.0,38680.0,69.81,-1924.7,1,0.0064,2.5829441363534045e-10,1.7236867488890084e-10,2.217548887573084e-11,4.581006754489359e-11
747,1451,98,-52120.0,-56120.0,76.59,-1924.6,1,0.0064,2.820465042074893e-11,8.133873435900439e-11,2.3383101011020813e-12,4.469965630277129e-12
795,1499,107,-51400.0,-59960.0,78.98,-1924.1,1,0.0064,7.820426251026191e-11,2.520647579551394e-10,9.20536476906042e-12,7.108648739095891e-12
766,1473,85,-53160.0,-57880.0,78.59,-1923.8,1,0.0064,1.7330267776394234e-10,1.1357333823402982e-10,7.271111664153285e-12,1.9727013425563375e-11
236,274,67,-54600.0,38040.0,66.54,-1923.6,1,0.0064,3.1006366918440165e-10,7.86732484714392e-11,3.5445167634318147e-11,3.4365718604156825e-11
738,1436,112,-51000.0,-54920.0,74.95,-1923.6,1,0.0064,2.5455079710745565e-10,5.338620517880699e-11,5.884623083957097e-12,2.626318086618173e-11
253,285,100,-51960.0,37160.0,63.88,-1923.3,1,0.0064,6.776014471743251e-11,1.1945754108122486e-10,1.7625663081832776e-11,1.2229061513435724e-11
745,1447,110,-51160.0,-55800.0,75.7,-1923.2,1,0.0064,1.0093401114907864e-10,8.082556846034095e-11,1.3940216168906172e-11,9.897210655196442e-12
282,305,89,-52840.0,35560.0,63.69,-1921.8,1,0.0064,2.7406899666404527e-11,1.5418512300247042e-10,3.003114684013708e-12,3.4695883319169067e-12
265,296,100,-51960.0,36280.0,63.37,-1921.3,1,0.0064,3.368372594736435e-11,1.0287879576020842e-10,4.516932401027463e-12,4.955196409445195e-12
775,1482,77,-53800.0,-58600.0,79.55,-1921.3,1,0.0064,7.335177604206322e-11,1.4346061838477198e-10,7.35423267422819e-12,8.227159405127527e-12
787,1492,171,-46280.0,-59400.0,75.3,-1920.8,1,0.0064,9.397761041585183e-11,1.542801025822271e-10,6.739180827969316e-12,1.007090418003731e-11
264,294,69,-54440.0,36440.0,65.51,-1919.5,1,0.0064,1.1019628959330063e-10,1.1099496322053426e-10,1.6618021195236032e-11,1.4087397047501948e-11
761,1466,108,-51320.0,-57320.0,76.94,-1919.0,1,0.0064,7.618854158675248e-11,2.5901825129182043e-10,2.001981696739264e-12,1.1522944057262839e-11
791,1497,182,-45400.0,-59800.0,75.08,-1918.8,1,0.0064,6.12858305770736e-11,1.074463990002883e-10,3.35033953705044e-12,6.1702314264888694e-12
310,321,28,-57720.0,34280.0,67.13,-1918.3,1,0.0064,2.647325136884149e-10,1.8746734720132e-10,8.320824584906461e-11,5.1852123289508605e-11
448,1071,1364,49160.0,-25720.0,55.48,-1915.8,1,0.0064,5.357461141386466e-10,1.8467515017217548e-10,1.1205408129155714e-10,1.1588024290132282e-10
381,458,584,-13240.0,23320.0,26.82,-1915.4,1,0.0064,3.3174288316395456e-10,3.525578717855637e-10,1.87028378895171e-11,1.003925935438854e-11
739,1437,122,-50200.0,-55000.0,74.47,-1915.3,1,0.0064,3.5439293860628496e-11,1.7679584185525954e-10,3.737466065800721e-12,3.921973423109959e-12
759,1465,86,-53080.0,-57240.0,78.06,-1914.8,1,0.0064,6.84205608836308e-11,2.075209448726412e-10,3.553937959893672e-12,3.640967301959952e-12
249,283,56,-55480.0,37320.0,66.86,-1914.2,1,0.0064,1.293510298872036e-10,2.080656619218857e-10,2.4289757705187043e-11,1.989093265097885e-11
255,286,89,-52840.0,37080.0,64.55,-1913.7,1,0.0064,7.870563922818262e-11,1.4081957822043023e-10,5.440261956202175e-12,5.897378939356823e-12
732,1415,138,-48920.0,-53240.0,72.3,-1913.6,1,0.0064,2.0070046319320408e-11,4.4360338319338055e-11,1.0222781822444291e-12,2.657156395954874e-12
758,1464,97,-52200.0,-57160.0,77.41,-1913.2,1,0.0064,8.131756379370357e-11,1.7000523211407878e-10,1.6644845224345062e-12,6.949266249250963e-12
190,238,16,-58680.0,40920.0,71.54,-1911.8,1,0.0064,1.6838626326620698e-10,1.4486564725579854e-10,3.965269432248952e-11,3.597410216937824e-11
222,263,53,-55720.0,38920.0,67.97,-1911.1,1,0.0064,1.0766391944638798e-10,1.5473003434074428e-10,1.5604512473843535e-11,8.30517599137437e-12
734,1425,111,-51080.0,-54040.0,74.36,-1910.2,1,0.0064,1.2943211780136463e-10,6.349602788002784e-11,1.882798951469145e-11,1.6065994021263738e-11
730,1383,76,-53880.0,-50680.0,73.97,-1908.9,1,0.0064,5.2099720371234775e-11,1.3748965854709638e-10,5.529402456738719e-12,9.554636595798804e-12
729,1376,0,-59960.0,-50120.0,78.15,-1908.3,1,0.0064,3.281711360991757e-11,9.062482014821072e-11,1.755258048283248e-12,3.359981997491657e-12
208,251,94,-52440.0,39880.0,65.88,-1908.1,1,0.0064,2.8653111133758454e-11,1.479267125459316e-10,3.324390242254172e-12,1.9066955046082024e-12
237,274,79,-53640.0,38040.0,65.76,-1906.5,1,0.0064,2.5783175594540353e-10,1.8600324058759554e-10,3.879534540840446e-11,2.626181216935919e-11
232,272,92,-52600.0,38200.0,65.01,-1906.4,1,0.0064,4.6927930291706937e-11,1.6473077069090178e-10,7.425925326043359e-12,5.762117345764484e-12
560,1225,22,-58200.0,-38040.0,69.53,-1906.4,1,0.0064,4.736762024282193e-11,1.4933689007623483e-10,6.089710333223586e-12,7.828614492777497e-12
553,1218,26,-57880.0,-37480.0,68.96,-1906.3,1,0.0064,4.1379837056876305e-11,8.869212309026153e-11,2.65761089350558e-12,3.1483496365503068e-12
218,261,80,-53560.0,39080.0,66.3,-1905.0,1,0.0064,1.311069447451629e-10,1.2645803848521098e-10,2.0654519761187373e-11,9.680014602386766e-12
790,1497,49,-56040.0,-59800.0,81.95,-1903.7,1,0.0064,5.0944266166697005e-11,1.4008662285736048e-10,6.028872279878472e-12,6.77169431639868e-12
243,279,85,-53160.0,37640.0,65.14,-1903.0,1,0.0064,1.0479042633626534e-10,1.8482512742501456e-10,1.653015224700738e-11,8.078988866788706e-12
207,251,18,-58520.0,39880.0,70.82,-1901.9,1,0.0064,9.279060853017995e-11,1.8063162077197603e-10,6.399426127901009e-12,6.387478653641088e-12
568,1229,32,-57400.0,-38360.0,69.04,-1901.5,1,0.0064,1.0353367468907138e-10,9.143458906679668e-11,8.417274689753729e-12,8.286612715457942e-12
233,273,58,-55320.0,38120.0,67.18,-1900.9,1,0.0064,6.539042224362746e-11,1.6587065054807226e-10,4.853817868466504e-12,5.18506982141731e-12
217,259,87,-53000.0,39240.0,65.95,-1900.5,1,0.0064,2.9337681589636227e-11,1.3872938908754406e-10,4.203882034148343e-12,2.9899038973824066e-12
202,246,83,-53320.0,40280.0,66.82,-1900.3,1,0.0064,4.3802222265965085e-11,1.1320103882050958e-10,9.484637034096188e-12,3.95248764273326e-12
197,243,78,-53720.0,40520.0,67.29,-1896.9,1,0.0064,6.374326760871796e-11,1.658622406086607e-10,4.1440718044627456e-12,8.880973213776233e-12
200,245,11,-59080.0,40360.0,71.55,-1895.8,1,0.0064,7.817801961351734e-11,2.3164153928334483e-10,1.0463536287419473e-11,9.587751599593464e-12
749,1452,177,-45800.0,-56200.0,72.5,-1895.1,1,0.0064,3.9453797867627927e-11,8.557073799542181e-11,3.125016521596247e-12,1.734972950896696e-12
189,238,1,-59880.0,40920.0,72.53,-1893.1,1,0.0064,1.5218137860983916e-10,2.403112431270671e-10,3.9265951601308296e-11,2.01853672665564e-11
179,231,11,-59080.0,41480.0,72.19,-1893.0,1,0.0064,1.3456132041955726e-10,1.9768009451581747e-10,5.185516946393243e-12,1.476843820846785e-11
139,211,14,-58840.0,43080.0,72.92,-1892.9,1,0.0064,9.121090688291034e-11,1.9403748052759795e-10,9.240101739305118e-12,7.754520116309838e-12
542,1207,7,-59400.0,-36600.0,69.77,-1888.5,1,0.0064,4.304483852690666e-11,2.597138892834749e-10,3.708349165937319e-12,4.713460090982613e-12
543,1207,21,-58280.0,-36600.0,68.82,-1887.1,1,0.0064,8.135175172396814e-11,1.1469623861781739e-10,4.586787547000704e-12,6.441096354198317e-12
451,1078,1419,53560.0,-26280.0,59.66,-1871.6,1,0.0064,7.9361427152147e-11,2.1533373695259428e-10,5.295643264180416e-12,9.569382612706344e-12
515,1189,1,-59880.0,-35160.0,69.44,-1870.1,1,0.0064,3.6547313786439155e-11,1.2911646751767591e-10,2.4931048978743538e-12,2.438394755208129e-12
517,1191,7,-59400.0,-35320.0,69.11,-1869.4,1,0.0064,2.7030881005751795e-11,1.0181648579798973e-10,2.1773769853100644e-12,2.269586645356481e-12
7,64,4,-59640.0,54840.0,81.02,-1867.8,1,0.0064,4.821698040835543e-10,1.426711700169836e-11,8.597132034049436e-11,4.009673496008226e-11
6,56,7,-59400.0,55480.0,81.28,-1863.2,1,0.0064,4.87213491773275e-10,1.0066639188899272e-10,3.379061266906014e-11,7.325764994625672e-11
